Instance,Bound,Incumbent
agricola-opt18-strips-p01,142.0,142.0
agricola-opt18-strips-p02,142.0,142.0
agricola-opt18-strips-p03,204.0,204.0
agricola-opt18-strips-p04,146.0,146.0
agricola-opt18-strips-p05,208.0,208.0
agricola-opt18-strips-p06,206.0,206.0
agricola-opt18-strips-p07,212.0,212.0
agricola-opt18-strips-p08,150.0,150.0
agricola-opt18-strips-p09,150.0,150.0
agricola-opt18-strips-p10,154.0,154.0
agricola-opt18-strips-p11,216.0,216.0
agricola-opt18-strips-p12,214.0,214.0
agricola-opt18-strips-p13,220.0,220.0
agricola-opt18-strips-p14,158.0,158.0
agricola-opt18-strips-p15,158.0,158.0
agricola-opt18-strips-p16,222.0,222.0
agricola-opt18-strips-p17,162.0,162.0
agricola-opt18-strips-p18,222.0,222.0
agricola-opt18-strips-p19,226.0,226.0
agricola-opt18-strips-p20,166.0,166.0
agricola-sat18-strips-p01,382.0,382.0
agricola-sat18-strips-p02,386.0,386.0
agricola-sat18-strips-p03,390.0,390.0
agricola-sat18-strips-p04,576.0,576.0
agricola-sat18-strips-p05,580.0,580.0
agricola-sat18-strips-p06,402.0,402.0
agricola-sat18-strips-p07,586.0,586.0
agricola-sat18-strips-p08,590.0,590.0
agricola-sat18-strips-p09,594.0,594.0
agricola-sat18-strips-p10,598.0,598.0
agricola-sat18-strips-p11,283.0,283.0
agricola-sat18-strips-p12,287.0,287.0
agricola-sat18-strips-p13,276.0,276.0
agricola-sat18-strips-p14,279.0,279.0
agricola-sat18-strips-p15,288.0,288.0
agricola-sat18-strips-p16,297.0,297.0
agricola-sat18-strips-p17,415.0,415.0
agricola-sat18-strips-p18,420.0,420.0
agricola-sat18-strips-p19,428.0,428.0
agricola-sat18-strips-p20,433.0,433.0
airport-p01-airport1-p1,8.0,8.0
airport-p02-airport1-p1,9.0,9.0
airport-p03-airport1-p2,17.0,17.0
airport-p04-airport2-p1,20.0,20.0
airport-p05-airport2-p1,21.0,21.0
airport-p06-airport2-p2,41.0,41.0
airport-p07-airport2-p2,41.0,41.0
airport-p08-airport2-p3,62.0,62.0
airport-p09-airport2-p4,71.0,71.0
airport-p10-airport3-p1,18.0,18.0
airport-p11-airport3-p1,21.0,21.0
airport-p12-airport3-p2,39.0,39.0
airport-p13-airport3-p2,37.0,37.0
airport-p14-airport3-p3,60.0,60.0
airport-p15-airport3-p3,58.0,58.0
airport-p16-airport3-p4,79.0,79.0
airport-p17-airport3-p5,88.0,88.0
airport-p18-airport3-p6,107.0,107.0
airport-p19-airport3-p6,90.0,90.0
airport-p20-airport3-p7,115.0,115.0
airport-p21-airport4halfMUC-p2,101.0,101.0
airport-p22-airport4halfMUC-p3,148.0,148.0
airport-p23-airport4halfMUC-p4,168.0,168.0
airport-p24-airport4halfMUC-p4,162.0,162.0
airport-p25-airport4halfMUC-p5,212.0,212.0
airport-p26-airport4halfMUC-p6,220.0,220.0
airport-p27-airport4halfMUC-p6,246.0,246.0
airport-p28-airport4halfMUC-p7,294.0,294.0
airport-p29-airport4halfMUC-p8,308.0,308.0
airport-p30-airport4halfMUC-p8,310.0,310.0
airport-p31-airport4halfMUC-p9,358.0,358.0
airport-p32-airport4halfMUC-p10,390.0,390.0
airport-p33-airport4halfMUC-p10,393.0,393.0
airport-p34-airport4halfMUC-p11,427.0,427.0
airport-p35-airport4halfMUC-p12,433.0,433.0
airport-p36-airport5MUC-p2,109.0,109.0
airport-p37-airport5MUC-p3,141.0,141.0
airport-p38-airport5MUC-p3,154.0,154.0
airport-p39-airport5MUC-p4,208.0,208.0
airport-p40-airport5MUC-p4,190.0,190.0
airport-p41-airport5MUC-p4,178.0,178.0
airport-p42-airport5MUC-p5,257.0,257.0
airport-p43-airport5MUC-p5,223.0,223.0
airport-p44-airport5MUC-p5,227.0,227.0
airport-p45-airport5MUC-p6,249.0,249.0
airport-p46-airport5MUC-p6,290.0,290.0
airport-p47-airport5MUC-p8,355.0,355.0
airport-p48-airport5MUC-p9,423.0,423.0
airport-p49-airport5MUC-p10,451.0,451.0
airport-p50-airport5MUC-p15,685.0,685.0
barman-mco14-strips-p1-11-5-15,36.0,36.0
barman-mco14-strips-p1-11-5-16,38.0,38.0
barman-mco14-strips-p1-8-4-10,26.0,26.0
barman-mco14-strips-p2-10-4-13,31.0,31.0
barman-mco14-strips-p2-11-4-15,34.0,34.0
barman-mco14-strips-p2-11-5-15,37.0,37.0
barman-mco14-strips-p2-11-5-16,37.0,37.0
barman-mco14-strips-p2-11-5-17,38.0,38.0
barman-mco14-strips-p3-10-4-13,31.0,31.0
barman-mco14-strips-p3-11-4-15,34.0,34.0
barman-mco14-strips-p3-11-5-15,36.0,36.0
barman-mco14-strips-p3-11-5-16,38.0,38.0
barman-mco14-strips-p3-11-5-17,38.0,38.0
barman-mco14-strips-p4-11-4-14,33.0,33.0
barman-mco14-strips-p4-11-4-15,34.0,34.0
barman-mco14-strips-p4-11-5-15,36.0,36.0
barman-mco14-strips-p5-10-4-13,31.0,31.0
barman-mco14-strips-p5-11-4-15,34.0,34.0
barman-mco14-strips-p5-11-5-15,36.0,36.0
barman-mco14-strips-p5-11-5-16,37.0,37.0
barman-opt11-strips-pfile01-001,41.0,41.0
barman-opt11-strips-pfile01-002,41.0,41.0
barman-opt11-strips-pfile01-003,41.0,41.0
barman-opt11-strips-pfile01-004,41.0,41.0
barman-opt11-strips-pfile02-005,43.0,43.0
barman-opt11-strips-pfile02-006,43.0,43.0
barman-opt11-strips-pfile02-007,43.0,43.0
barman-opt11-strips-pfile02-008,43.0,43.0
barman-opt11-strips-pfile03-009,45.0,45.0
barman-opt11-strips-pfile03-010,45.0,45.0
barman-opt11-strips-pfile03-011,45.0,45.0
barman-opt11-strips-pfile03-012,45.0,45.0
barman-opt11-strips-pfile04-013,47.0,47.0
barman-opt11-strips-pfile04-014,48.0,48.0
barman-opt11-strips-pfile04-015,47.0,47.0
barman-opt11-strips-pfile04-016,47.0,47.0
barman-opt11-strips-pfile05-017,50.0,50.0
barman-opt11-strips-pfile05-018,50.0,50.0
barman-opt11-strips-pfile05-019,50.0,50.0
barman-opt11-strips-pfile05-020,50.0,50.0
barman-opt14-strips-p435-1,16.0,16.0
barman-opt14-strips-p435-2,16.0,16.0
barman-opt14-strips-p435-3,16.0,16.0
barman-opt14-strips-p536-1,18.0,18.0
barman-opt14-strips-p536-2,18.0,18.0
barman-opt14-strips-p536-3,18.0,18.0
barman-opt14-strips-p638-1,20.0,20.0
barman-opt14-strips-p638-2,21.0,21.0
barman-opt14-strips-p638-3,21.0,21.0
barman-opt14-strips-p739-1,22.0,22.0
barman-opt14-strips-p739-2,22.0,22.0
barman-opt14-strips-p739-3,22.0,22.0
barman-opt14-strips-p839-1,24.0,24.0
barman-opt14-strips-p839-2,24.0,24.0
barman-sat11-strips-pfile06-021,62.0,62.0
barman-sat11-strips-pfile06-022,63.0,63.0
barman-sat11-strips-pfile06-023,51.0,51.0
barman-sat11-strips-pfile06-024,62.0,62.0
barman-sat11-strips-pfile07-025,65.0,65.0
barman-sat11-strips-pfile07-026,64.0,64.0
barman-sat11-strips-pfile07-027,64.0,64.0
barman-sat11-strips-pfile07-028,65.0,65.0
barman-sat11-strips-pfile08-029,67.0,67.0
barman-sat11-strips-pfile08-030,68.0,68.0
barman-sat11-strips-pfile08-031,67.0,67.0
barman-sat11-strips-pfile08-032,67.0,67.0
barman-sat11-strips-pfile09-033,69.0,69.0
barman-sat11-strips-pfile09-034,69.0,69.0
barman-sat11-strips-pfile09-035,69.0,69.0
barman-sat11-strips-pfile09-036,69.0,69.0
barman-sat11-strips-pfile10-037,70.0,70.0
barman-sat11-strips-pfile10-038,70.0,70.0
barman-sat11-strips-pfile10-039,70.0,70.0
barman-sat11-strips-pfile10-040,71.0,71.0
barman-sat14-strips-p1-11-4-15,34.0,34.0
barman-sat14-strips-p1-11-5-15,36.0,36.0
barman-sat14-strips-p1-11-5-16,38.0,38.0
barman-sat14-strips-p2-10-4-13,31.0,31.0
barman-sat14-strips-p2-11-4-15,34.0,34.0
barman-sat14-strips-p2-11-5-15,37.0,37.0
barman-sat14-strips-p2-11-5-16,37.0,37.0
barman-sat14-strips-p2-11-5-17,38.0,38.0
barman-sat14-strips-p3-10-4-13,31.0,31.0
barman-sat14-strips-p3-11-4-15,34.0,34.0
barman-sat14-strips-p3-11-5-15,36.0,36.0
barman-sat14-strips-p3-11-5-16,38.0,38.0
barman-sat14-strips-p3-11-5-17,38.0,38.0
barman-sat14-strips-p4-11-4-14,33.0,33.0
barman-sat14-strips-p4-11-4-15,34.0,34.0
barman-sat14-strips-p4-11-5-15,36.0,36.0
barman-sat14-strips-p5-10-4-13,31.0,31.0
barman-sat14-strips-p5-11-4-15,34.0,34.0
barman-sat14-strips-p5-11-5-15,36.0,36.0
barman-sat14-strips-p5-11-5-16,37.0,37.0
blocks-probBLOCKS-10-0,18.0,18.0
blocks-probBLOCKS-10-1,19.0,19.0
blocks-probBLOCKS-10-2,19.0,19.0
blocks-probBLOCKS-11-0,19.0,19.0
blocks-probBLOCKS-11-1,21.0,21.0
blocks-probBLOCKS-11-2,19.0,19.0
blocks-probBLOCKS-12-0,22.0,22.0
blocks-probBLOCKS-12-1,22.0,22.0
blocks-probBLOCKS-13-0,24.0,24.0
blocks-probBLOCKS-13-1,25.0,25.0
blocks-probBLOCKS-14-0,25.0,25.0
blocks-probBLOCKS-14-1,27.0,27.0
blocks-probBLOCKS-15-0,28.0,28.0
blocks-probBLOCKS-15-1,28.0,28.0
blocks-probBLOCKS-16-1,31.0,31.0
blocks-probBLOCKS-16-2,28.0,28.0
blocks-probBLOCKS-17-0,33.0,33.0
blocks-probBLOCKS-4-0,6.0,6.0
blocks-probBLOCKS-4-1,6.0,6.0
blocks-probBLOCKS-4-2,6.0,6.0
blocks-probBLOCKS-5-0,8.0,8.0
blocks-probBLOCKS-5-1,7.0,7.0
blocks-probBLOCKS-5-2,9.0,9.0
blocks-probBLOCKS-6-0,11.0,11.0
blocks-probBLOCKS-6-1,10.0,10.0
blocks-probBLOCKS-6-2,11.0,11.0
blocks-probBLOCKS-7-0,13.0,13.0
blocks-probBLOCKS-7-1,12.0,12.0
blocks-probBLOCKS-7-2,12.0,12.0
blocks-probBLOCKS-8-0,13.0,13.0
blocks-probBLOCKS-8-1,13.0,13.0
blocks-probBLOCKS-8-2,14.0,14.0
blocks-probBLOCKS-9-0,16.0,16.0
blocks-probBLOCKS-9-1,16.0,16.0
blocks-probBLOCKS-9-2,17.0,17.0
childsnack-opt14-strips-child-snack_pfile01,10.0,10.0
childsnack-opt14-strips-child-snack_pfile01-2,11.0,11.0
childsnack-opt14-strips-child-snack_pfile02,11.0,11.0
childsnack-opt14-strips-child-snack_pfile02-2,12.0,12.0
childsnack-opt14-strips-child-snack_pfile03,13.0,13.0
childsnack-opt14-strips-child-snack_pfile03-2,13.0,13.0
childsnack-opt14-strips-child-snack_pfile04,14.0,14.0
childsnack-opt14-strips-child-snack_pfile04-2,14.0,14.0
childsnack-opt14-strips-child-snack_pfile05,15.0,15.0
childsnack-opt14-strips-child-snack_pfile05-2,15.0,15.0
childsnack-opt14-strips-child-snack_pfile06,16.0,16.0
childsnack-opt14-strips-child-snack_pfile06-2,16.0,16.0
childsnack-opt14-strips-child-snack_pfile07,17.0,17.0
childsnack-opt14-strips-child-snack_pfile07-2,17.0,17.0
childsnack-opt14-strips-child-snack_pfile08,18.0,18.0
childsnack-opt14-strips-child-snack_pfile08-2,18.0,18.0
childsnack-opt14-strips-child-snack_pfile09,19.0,19.0
childsnack-opt14-strips-child-snack_pfile09-2,19.0,19.0
childsnack-opt14-strips-child-snack_pfile10,20.0,20.0
childsnack-opt14-strips-child-snack_pfile10-2,20.0,20.0
childsnack-sat14-strips-child-snack_pfile05,15.0,15.0
childsnack-sat14-strips-child-snack_pfile05-2,15.0,15.0
childsnack-sat14-strips-child-snack_pfile06-2,16.0,16.0
childsnack-sat14-strips-child-snack_pfile07-2,17.0,17.0
childsnack-sat14-strips-child-snack_pfile08,18.0,18.0
childsnack-sat14-strips-child-snack_pfile08-2,18.0,18.0
childsnack-sat14-strips-child-snack_pfile09,19.0,19.0
childsnack-sat14-strips-child-snack_pfile09-2,19.0,19.0
childsnack-sat14-strips-child-snack_pfile10,20.0,20.0
childsnack-sat14-strips-child-snack_pfile10-2,20.0,20.0
childsnack-sat14-strips-child-snack_pfile11,21.0,21.0
childsnack-sat14-strips-child-snack_pfile11-2,21.0,21.0
childsnack-sat14-strips-child-snack_pfile12,22.0,22.0
childsnack-sat14-strips-child-snack_pfile13,23.0,23.0
childsnack-sat14-strips-child-snack_pfile13-2,23.0,23.0
childsnack-sat14-strips-child-snack_pfile14,24.0,24.0
childsnack-sat14-strips-child-snack_pfile15-2,25.0,25.0
childsnack-sat14-strips-child-snack_pfile16-2,26.0,26.0
childsnack-sat14-strips-child-snack_pfile19,29.0,29.0
childsnack-sat14-strips-child-snack_pfile19-2,29.0,29.0
data-network-opt18-strips-p01,105.0,105.0
data-network-opt18-strips-p02,29.0,29.0
data-network-opt18-strips-p03,78.0,78.0
data-network-opt18-strips-p04,119.0,119.0
data-network-opt18-strips-p05,104.0,104.0
data-network-opt18-strips-p06,55.0,55.0
data-network-opt18-strips-p07,87.0,87.0
data-network-opt18-strips-p08,104.0,104.0
data-network-opt18-strips-p09,27.0,27.0
data-network-opt18-strips-p10,85.0,85.0
data-network-opt18-strips-p11,47.0,47.0
data-network-opt18-strips-p12,62.0,62.0
data-network-opt18-strips-p13,100.0,100.0
data-network-opt18-strips-p14,181.0,181.0
data-network-opt18-strips-p15,50.0,50.0
data-network-opt18-strips-p16,117.0,117.0
data-network-opt18-strips-p17,93.0,93.0
data-network-opt18-strips-p18,143.0,143.0
data-network-opt18-strips-p19,169.0,169.0
data-network-opt18-strips-p20,193.0,193.0
data-network-sat18-strips-p01,304.0,304.0
data-network-sat18-strips-p02,218.0,218.0
data-network-sat18-strips-p03,315.0,315.0
data-network-sat18-strips-p04,459.0,459.0
data-network-sat18-strips-p05,454.0,454.0
data-network-sat18-strips-p06,577.0,577.0
data-network-sat18-strips-p07,518.0,518.0
data-network-sat18-strips-p08,468.0,468.0
data-network-sat18-strips-p09,721.0,721.0
data-network-sat18-strips-p10,601.0,601.0
data-network-sat18-strips-p11,203.0,203.0
data-network-sat18-strips-p12,257.0,257.0
data-network-sat18-strips-p13,320.0,320.0
data-network-sat18-strips-p14,345.0,345.0
data-network-sat18-strips-p15,478.0,478.0
data-network-sat18-strips-p16,518.0,518.0
data-network-sat18-strips-p17,589.0,589.0
data-network-sat18-strips-p18,454.57883344258596,472.0
data-network-sat18-strips-p19,1224.0,1224.0
data-network-sat18-strips-p20,637.1915726871767,673.0
depot-p01,10.0,10.0
depot-p02,14.0,14.0
depot-p03,22.0,22.0
depot-p04,17.0,17.0
depot-p05,33.0,33.0
depot-p06,42.0,42.0
depot-p07,18.0,18.0
depot-p08,27.0,27.0
depot-p09,44.0,44.0
depot-p10,22.0,22.0
depot-p11,41.0,41.0
depot-p12,45.0,45.0
depot-p13,24.0,24.0
depot-p14,23.0,23.0
depot-p15,49.0,49.0
depot-p16,24.0,24.0
depot-p17,22.0,22.0
depot-p18,49.0,49.0
depot-p19,32.0,32.0
depot-p20,57.0,57.0
depot-p21,32.0,32.0
depot-p22,77.0,77.0
driverlog-p01,6.0,6.0
driverlog-p02,14.0,14.0
driverlog-p03,11.0,11.0
driverlog-p04,12.0,12.0
driverlog-p05,15.0,15.0
driverlog-p06,10.0,10.0
driverlog-p07,12.0,12.0
driverlog-p08,15.0,15.0
driverlog-p09,18.0,18.0
driverlog-p10,16.0,16.0
driverlog-p11,18.0,18.0
driverlog-p12,24.0,24.0
driverlog-p13,21.0,21.0
driverlog-p14,25.0,25.0
driverlog-p15,30.0,30.0
driverlog-p16,51.0,51.0
driverlog-p17,57.0,57.0
driverlog-p18,62.0,62.0
driverlog-p19,85.0,85.0
driverlog-p20,79.0,79.0
elevators-opt08-strips-p01,32.0,32.0
elevators-opt08-strips-p02,26.0,26.0
elevators-opt08-strips-p03,38.0,38.0
elevators-opt08-strips-p04,36.0,36.0
elevators-opt08-strips-p05,38.0,38.0
elevators-opt08-strips-p06,38.0,38.0
elevators-opt08-strips-p07,38.0,38.0
elevators-opt08-strips-p08,33.0,33.0
elevators-opt08-strips-p09,48.0,48.0
elevators-opt08-strips-p10,48.0,48.0
elevators-opt08-strips-p11,41.0,41.0
elevators-opt08-strips-p12,38.0,38.0
elevators-opt08-strips-p13,47.0,47.0
elevators-opt08-strips-p14,41.0,41.0
elevators-opt08-strips-p15,44.0,44.0
elevators-opt08-strips-p16,51.0,51.0
elevators-opt08-strips-p17,57.0,57.0
elevators-opt08-strips-p18,44.0,44.0
elevators-opt08-strips-p19,57.0,57.0
elevators-opt08-strips-p20,51.0,51.0
elevators-opt08-strips-p21,34.0,34.0
elevators-opt08-strips-p22,40.0,40.0
elevators-opt08-strips-p23,46.0,46.0
elevators-opt08-strips-p24,49.0,49.0
elevators-opt08-strips-p25,45.0,45.0
elevators-opt08-strips-p26,39.0,39.0
elevators-opt08-strips-p27,56.0,56.0
elevators-opt08-strips-p28,51.0,51.0
elevators-opt08-strips-p29,57.0,57.0
elevators-opt08-strips-p30,57.0,57.0
elevators-opt11-strips-p01,41.0,41.0
elevators-opt11-strips-p02,34.0,34.0
elevators-opt11-strips-p03,38.0,38.0
elevators-opt11-strips-p04,38.0,38.0
elevators-opt11-strips-p05,47.0,47.0
elevators-opt11-strips-p06,36.0,36.0
elevators-opt11-strips-p07,39.0,39.0
elevators-opt11-strips-p08,38.0,38.0
elevators-opt11-strips-p09,40.0,40.0
elevators-opt11-strips-p10,41.0,41.0
elevators-opt11-strips-p11,51.0,51.0
elevators-opt11-strips-p12,38.0,38.0
elevators-opt11-strips-p13,38.0,38.0
elevators-opt11-strips-p14,33.0,33.0
elevators-opt11-strips-p15,48.0,48.0
elevators-opt11-strips-p16,44.0,44.0
elevators-opt11-strips-p17,57.0,57.0
elevators-opt11-strips-p18,44.0,44.0
elevators-opt11-strips-p19,46.0,46.0
elevators-opt11-strips-p20,49.0,49.0
elevators-sat08-strips-p01,42.0,42.0
elevators-sat08-strips-p02,37.0,37.0
elevators-sat08-strips-p03,43.0,43.0
elevators-sat08-strips-p04,48.0,48.0
elevators-sat08-strips-p05,43.0,43.0
elevators-sat08-strips-p06,48.0,48.0
elevators-sat08-strips-p07,48.0,48.0
elevators-sat08-strips-p08,48.0,48.0
elevators-sat08-strips-p09,48.0,48.0
elevators-sat08-strips-p10,43.0,43.0
elevators-sat08-strips-p11,64.0,64.0
elevators-sat08-strips-p12,81.0,81.0
elevators-sat08-strips-p13,81.0,81.0
elevators-sat08-strips-p14,85.0,85.0
elevators-sat08-strips-p15,91.0,91.0
elevators-sat08-strips-p16,81.0,81.0
elevators-sat08-strips-p17,91.0,91.0
elevators-sat08-strips-p18,90.0,90.0
elevators-sat08-strips-p19,96.0,96.0
elevators-sat08-strips-p20,96.0,96.0
elevators-sat08-strips-p21,102.0,102.0
elevators-sat08-strips-p22,114.0,114.0
elevators-sat08-strips-p23,112.0,112.0
elevators-sat08-strips-p24,124.0,124.0
elevators-sat08-strips-p25,134.0,134.0
elevators-sat08-strips-p26,134.0,134.0
elevators-sat08-strips-p27,129.0,129.0
elevators-sat08-strips-p28,144.0,144.0
elevators-sat08-strips-p29,134.0,134.0
elevators-sat08-strips-p30,139.0,139.0
elevators-sat11-strips-p01,85.0,85.0
elevators-sat11-strips-p02,124.0,124.0
elevators-sat11-strips-p03,134.0,134.0
elevators-sat11-strips-p04,96.0,96.0
elevators-sat11-strips-p05,90.0,90.0
elevators-sat11-strips-p06,129.0,129.0
elevators-sat11-strips-p07,134.0,134.0
elevators-sat11-strips-p08,144.0,144.0
elevators-sat11-strips-p09,134.0,134.0
elevators-sat11-strips-p10,139.0,139.0
elevators-sat11-strips-p11,144.0,144.0
elevators-sat11-strips-p12,133.0,133.0
elevators-sat11-strips-p13,139.0,139.0
elevators-sat11-strips-p14,144.0,144.0
elevators-sat11-strips-p15,139.0,139.0
elevators-sat11-strips-p16,220.0,220.0
elevators-sat11-strips-p17,235.0,235.0
elevators-sat11-strips-p18,220.0,220.0
elevators-sat11-strips-p19,230.0,230.0
elevators-sat11-strips-p20,240.0,240.0
floortile-opt11-strips-opt-p01-001,28.0,28.0
floortile-opt11-strips-opt-p01-002,25.0,25.0
floortile-opt11-strips-opt-p02-003,42.0,42.0
floortile-opt11-strips-opt-p02-004,34.0,34.0
floortile-opt11-strips-opt-p03-005,42.0,42.0
floortile-opt11-strips-opt-p03-006,43.0,43.0
floortile-opt11-strips-opt-p04-007,45.0,45.0
floortile-opt11-strips-opt-p04-008,49.0,49.0
floortile-opt11-strips-opt-p05-009,56.0,56.0
floortile-opt11-strips-opt-p05-010,57.0,57.0
floortile-opt11-strips-opt-p06-011,70.0,70.0
floortile-opt11-strips-opt-p06-012,68.0,68.0
floortile-opt11-strips-opt-p07-013,71.0,71.0
floortile-opt11-strips-opt-p07-014,69.0,69.0
floortile-opt11-strips-opt-p08-015,84.0,84.0
floortile-opt11-strips-opt-p08-016,86.0,86.0
floortile-opt11-strips-opt-p09-017,94.0,94.0
floortile-opt11-strips-opt-p09-018,95.0,95.0
floortile-opt11-strips-opt-p10-019,104.0,104.0
floortile-opt11-strips-opt-p10-020,104.0,104.0
floortile-opt14-strips-p01-4-3-2,36.0,36.0
floortile-opt14-strips-p01-4-4-2,46.0,46.0
floortile-opt14-strips-p01-5-3-2,44.0,44.0
floortile-opt14-strips-p01-5-4-2,58.0,58.0
floortile-opt14-strips-p01-5-5-2,69.0,69.0
floortile-opt14-strips-p01-6-4-2,68.0,68.0
floortile-opt14-strips-p01-6-5-2,84.0,84.0
floortile-opt14-strips-p02-4-4-2,49.0,49.0
floortile-opt14-strips-p02-5-3-2,45.0,45.0
floortile-opt14-strips-p02-5-4-2,62.0,62.0
floortile-opt14-strips-p02-5-5-2,71.0,71.0
floortile-opt14-strips-p02-6-4-2,68.0,68.0
floortile-opt14-strips-p02-6-5-2,92.0,92.0
floortile-opt14-strips-p03-4-3-2,40.0,40.0
floortile-opt14-strips-p03-4-4-2,50.0,50.0
floortile-opt14-strips-p03-5-3-2,45.0,45.0
floortile-opt14-strips-p03-5-4-2,58.0,58.0
floortile-opt14-strips-p03-5-5-2,69.0,69.0
floortile-opt14-strips-p03-6-4-2,74.0,74.0
floortile-opt14-strips-p03-6-5-2,86.0,86.0
floortile-sat11-strips-seq-p01-001,33.0,33.0
floortile-sat11-strips-seq-p01-002,35.0,35.0
floortile-sat11-strips-seq-p02-003,44.0,44.0
floortile-sat11-strips-seq-p02-004,50.0,50.0
floortile-sat11-strips-seq-p03-005,44.0,44.0
floortile-sat11-strips-seq-p03-006,45.0,45.0
floortile-sat11-strips-seq-p04-007,56.0,56.0
floortile-sat11-strips-seq-p04-008,56.0,56.0
floortile-sat11-strips-seq-p05-009,68.0,68.0
floortile-sat11-strips-seq-p05-010,68.0,68.0
floortile-sat11-strips-seq-p06-011,70.0,70.0
floortile-sat11-strips-seq-p06-012,73.0,73.0
floortile-sat11-strips-seq-p07-013,84.0,84.0
floortile-sat11-strips-seq-p07-014,87.0,87.0
floortile-sat11-strips-seq-p08-015,100.0,100.0
floortile-sat11-strips-seq-p08-016,102.0,102.0
floortile-sat11-strips-seq-p09-017,113.0,113.0
floortile-sat11-strips-seq-p09-018,114.0,114.0
floortile-sat11-strips-seq-p10-019,137.0,137.0
floortile-sat11-strips-seq-p10-020,131.0,131.0
floortile-sat14-strips-p01-4-3-2,36.0,36.0
floortile-sat14-strips-p01-5-4-2,58.0,58.0
floortile-sat14-strips-p01-5-5-2,69.0,69.0
floortile-sat14-strips-p01-6-4-2,68.0,68.0
floortile-sat14-strips-p01-6-5-2,84.0,84.0
floortile-sat14-strips-p01-6-5-3,84.0,84.0
floortile-sat14-strips-p02-5-4-2,62.0,62.0
floortile-sat14-strips-p02-6-4-2,68.0,68.0
floortile-sat14-strips-p02-6-5-2,92.0,92.0
floortile-sat14-strips-p02-6-5-3,84.0,84.0
floortile-sat14-strips-p03-6-4-2,74.0,74.0
floortile-sat14-strips-p03-6-5-2,86.0,86.0
floortile-sat14-strips-p03-6-5-3,85.0,85.0
floortile-sat14-strips-p04-5-4-2,63.0,63.0
floortile-sat14-strips-p04-5-5-2,79.0,79.0
floortile-sat14-strips-p04-6-5-2,89.0,89.0
floortile-sat14-strips-p04-6-5-3,84.0,84.0
floortile-sat14-strips-p05-4-3-2,33.0,33.0
floortile-sat14-strips-p05-6-5-2,84.0,84.0
floortile-sat14-strips-p05-6-5-3,84.0,84.0
freecell-p01,8.0,8.0
freecell-p02,14.0,14.0
freecell-p03,18.0,18.0
freecell-p04,26.0,26.0
freecell-p05,30.0,30.0
freecell-p06,34.0,34.0
freecell-p07,39.0,39.0
freecell-p08,45.0,45.0
freecell-p09,41.0,41.0
freecell-p10,48.0,48.0
freecell-p11,49.0,49.0
freecell-p12,46.0,46.0
freecell-p13,55.0,55.0
freecell-p14,54.0,54.0
freecell-p15,61.0,61.0
freecell-p16,59.0,59.0
freecell-p17,60.0,60.0
freecell-p18,70.0,70.0
freecell-p19,73.0,73.0
freecell-p20,69.0,69.0
freecell-probfreecell-10-1,55.0,55.0
freecell-probfreecell-10-2,52.0,52.0
freecell-probfreecell-10-3,49.0,49.0
freecell-probfreecell-10-4,55.0,55.0
freecell-probfreecell-10-5,57.0,57.0
freecell-probfreecell-11-1,61.0,61.0
freecell-probfreecell-11-2,57.0,57.0
freecell-probfreecell-11-3,56.0,56.0
freecell-probfreecell-11-4,62.0,62.0
freecell-probfreecell-11-5,65.0,65.0
freecell-probfreecell-12-1,67.0,67.0
freecell-probfreecell-12-2,62.0,62.0
freecell-probfreecell-12-3,63.0,63.0
freecell-probfreecell-12-4,67.0,67.0
freecell-probfreecell-12-5,71.0,71.0
freecell-probfreecell-13-1,74.0,74.0
freecell-probfreecell-13-2,68.0,68.0
freecell-probfreecell-13-3,70.0,70.0
freecell-probfreecell-13-4,73.0,73.0
freecell-probfreecell-13-5,78.0,78.0
freecell-probfreecell-2-1,9.0,9.0
freecell-probfreecell-2-2,8.0,8.0
freecell-probfreecell-2-3,8.0,8.0
freecell-probfreecell-2-4,8.0,8.0
freecell-probfreecell-2-5,9.0,9.0
freecell-probfreecell-3-1,14.0,14.0
freecell-probfreecell-3-2,13.0,13.0
freecell-probfreecell-3-3,12.0,12.0
freecell-probfreecell-3-4,12.0,12.0
freecell-probfreecell-3-5,13.0,13.0
freecell-probfreecell-4-1,19.0,19.0
freecell-probfreecell-4-2,17.0,17.0
freecell-probfreecell-4-3,18.0,18.0
freecell-probfreecell-4-4,18.0,18.0
freecell-probfreecell-4-5,18.0,18.0
freecell-probfreecell-5-1,24.0,24.0
freecell-probfreecell-5-2,23.0,23.0
freecell-probfreecell-5-3,24.0,24.0
freecell-probfreecell-5-4,23.0,23.0
freecell-probfreecell-5-5,25.0,25.0
freecell-probfreecell-6-1,30.0,30.0
freecell-probfreecell-6-2,28.0,28.0
freecell-probfreecell-6-3,28.0,28.0
freecell-probfreecell-6-4,28.0,28.0
freecell-probfreecell-6-5,32.0,32.0
freecell-probfreecell-7-1,35.0,35.0
freecell-probfreecell-7-2,34.0,34.0
freecell-probfreecell-7-3,32.0,32.0
freecell-probfreecell-7-4,35.0,35.0
freecell-probfreecell-7-5,40.0,40.0
freecell-probfreecell-8-1,42.0,42.0
freecell-probfreecell-8-2,39.0,39.0
freecell-probfreecell-8-3,38.0,38.0
freecell-probfreecell-8-4,41.0,41.0
freecell-probfreecell-8-5,45.0,45.0
freecell-probfreecell-9-1,47.0,47.0
freecell-probfreecell-9-2,44.0,44.0
freecell-probfreecell-9-3,44.0,44.0
freecell-probfreecell-9-4,48.0,48.0
freecell-probfreecell-9-5,51.0,51.0
ged-opt14-strips-d-1-2,1.0,1.0
ged-opt14-strips-d-1-3,1.0,1.0
ged-opt14-strips-d-1-4,1.0,1.0
ged-opt14-strips-d-1-8,1.0,1.0
ged-opt14-strips-d-2-1,1.0,1.0
ged-opt14-strips-d-2-3,1.0,1.0
ged-opt14-strips-d-2-4,1.0,1.0
ged-opt14-strips-d-2-8,1.0,1.0
ged-opt14-strips-d-3-1,1.0,1.0
ged-opt14-strips-d-3-2,1.0,1.0
ged-opt14-strips-d-3-4,1.0,1.0
ged-opt14-strips-d-4-2,1.0,1.0
ged-opt14-strips-d-4-3,1.0,1.0
ged-opt14-strips-d-4-8,1.0,1.0
ged-opt14-strips-d-7-5,1.0,1.0
ged-opt14-strips-d-7-6,0.0,0.0
ged-opt14-strips-d-8-1,1.0,1.0
ged-opt14-strips-d-8-2,1.0,1.0
ged-opt14-strips-d-8-4,1.0,1.0
ged-opt14-strips-d-8-9,1.0,1.0
ged-sat14-strips-d-10-1,1.0,1.0
ged-sat14-strips-d-10-2,1.0,1.0
ged-sat14-strips-d-10-3,1.0,1.0
ged-sat14-strips-d-10-4,1.0,1.0
ged-sat14-strips-d-10-5,1.0,1.0
ged-sat14-strips-d-10-6,1.0,1.0
ged-sat14-strips-d-11-1,1.0,1.0
ged-sat14-strips-d-11-3,1.0,1.0
ged-sat14-strips-d-11-5,1.0,1.0
ged-sat14-strips-d-11-6,1.0,1.0
ged-sat14-strips-d-12-11,1.0,1.0
ged-sat14-strips-d-12-2,1.0,1.0
ged-sat14-strips-d-12-3,1.0,1.0
ged-sat14-strips-d-12-5,1.0,1.0
ged-sat14-strips-d-12-6,1.0,1.0
ged-sat14-strips-d-12-7,1.0,1.0
ged-sat14-strips-d-12-8,1.0,1.0
ged-sat14-strips-d-12-9,1.0,1.0
ged-sat14-strips-d-3-6,1.0,1.0
ged-sat14-strips-d-9-5,1.0,1.0
grid-prob01,10.0,10.0
grid-prob02,20.0,20.0
grid-prob03,26.0,26.0
grid-prob04,23.0,23.0
grid-prob05,50.0,50.0
gripper-prob01,9.0,9.0
gripper-prob02,13.0,13.0
gripper-prob03,17.0,17.0
gripper-prob04,21.0,21.0
gripper-prob05,25.0,25.0
gripper-prob06,29.0,29.0
gripper-prob07,33.0,33.0
gripper-prob08,37.0,37.0
gripper-prob09,41.0,41.0
gripper-prob10,45.0,45.0
gripper-prob11,49.0,49.0
gripper-prob12,53.0,53.0
gripper-prob13,57.0,57.0
gripper-prob14,61.0,61.0
gripper-prob15,65.0,65.0
gripper-prob16,69.0,69.0
gripper-prob17,73.0,73.0
gripper-prob18,77.0,77.0
gripper-prob19,81.0,81.0
gripper-prob20,85.0,85.0
hiking-agl14-strips-testing-3-4-3,9.0,9.0
hiking-agl14-strips-testing-3-4-4,13.0,13.0
hiking-agl14-strips-testing-3-4-5,17.0,17.0
hiking-agl14-strips-testing-3-4-6,21.0,21.0
hiking-agl14-strips-testing-3-4-7,25.0,25.0
hiking-agl14-strips-testing-3-4-8,29.0,29.0
hiking-agl14-strips-testing-3-4-9,33.0,33.0
hiking-agl14-strips-testing-4-5-3,11.0,11.0
hiking-agl14-strips-testing-4-5-4,16.0,16.0
hiking-agl14-strips-testing-4-5-5,21.0,21.0
hiking-agl14-strips-testing-4-5-6,26.0,26.0
hiking-agl14-strips-testing-4-5-7,31.0,31.0
hiking-agl14-strips-testing-4-5-8,36.0,36.0
hiking-agl14-strips-testing-4-5-9,41.0,41.0
hiking-agl14-strips-testing-5-6-3,13.0,13.0
hiking-agl14-strips-testing-5-6-4,19.0,19.0
hiking-agl14-strips-testing-5-6-5,25.0,25.0
hiking-agl14-strips-testing-5-6-6,31.0,31.0
hiking-agl14-strips-testing-5-6-7,37.0,37.0
hiking-agl14-strips-testing-5-6-8,43.0,43.0
hiking-opt14-strips-ptesting-1-2-3,5.0,5.0
hiking-opt14-strips-ptesting-1-2-4,7.0,7.0
hiking-opt14-strips-ptesting-1-2-5,9.0,9.0
hiking-opt14-strips-ptesting-1-2-7,13.0,13.0
hiking-opt14-strips-ptesting-1-2-8,15.0,15.0
hiking-opt14-strips-ptesting-2-2-3,7.0,7.0
hiking-opt14-strips-ptesting-2-2-4,10.0,10.0
hiking-opt14-strips-ptesting-2-2-5,13.0,13.0
hiking-opt14-strips-ptesting-2-2-6,16.0,16.0
hiking-opt14-strips-ptesting-2-2-7,19.0,19.0
hiking-opt14-strips-ptesting-2-2-8,22.0,22.0
hiking-opt14-strips-ptesting-2-3-4,10.0,10.0
hiking-opt14-strips-ptesting-2-3-5,13.0,13.0
hiking-opt14-strips-ptesting-2-3-6,16.0,16.0
hiking-opt14-strips-ptesting-2-3-7,19.0,19.0
hiking-opt14-strips-ptesting-2-4-3,7.0,7.0
hiking-opt14-strips-ptesting-2-4-4,10.0,10.0
hiking-opt14-strips-ptesting-2-4-5,13.0,13.0
hiking-opt14-strips-ptesting-2-4-6,16.0,16.0
hiking-opt14-strips-ptesting-2-4-7,19.0,19.0
hiking-sat14-strips-ptesting-1-2-7,13.0,13.0
hiking-sat14-strips-ptesting-1-2-8,15.0,15.0
hiking-sat14-strips-ptesting-2-2-6,16.0,16.0
hiking-sat14-strips-ptesting-2-2-7,19.0,19.0
hiking-sat14-strips-ptesting-2-2-8,22.0,22.0
hiking-sat14-strips-ptesting-2-3-6,16.0,16.0
hiking-sat14-strips-ptesting-2-3-7,19.0,19.0
hiking-sat14-strips-ptesting-2-3-8,22.0,22.0
hiking-sat14-strips-ptesting-2-4-5,13.0,13.0
hiking-sat14-strips-ptesting-2-4-6,16.0,16.0
hiking-sat14-strips-ptesting-2-4-7,19.0,19.0
hiking-sat14-strips-ptesting-2-4-8,22.0,22.0
hiking-sat14-strips-ptesting-3-3-5,17.0,17.0
hiking-sat14-strips-ptesting-3-3-6,21.0,21.0
hiking-sat14-strips-ptesting-3-3-7,25.0,25.0
hiking-sat14-strips-ptesting-3-3-8,29.0,29.0
hiking-sat14-strips-ptesting-3-4-5,17.0,17.0
hiking-sat14-strips-ptesting-3-4-6,21.0,21.0
hiking-sat14-strips-ptesting-3-4-7,25.0,25.0
hiking-sat14-strips-ptesting-3-4-8,29.0,29.0
logistics00-probLOGISTICS-10-0,41.0,41.0
logistics00-probLOGISTICS-10-1,39.0,39.0
logistics00-probLOGISTICS-11-0,45.0,45.0
logistics00-probLOGISTICS-11-1,55.0,55.0
logistics00-probLOGISTICS-12-0,39.0,39.0
logistics00-probLOGISTICS-12-1,63.0,63.0
logistics00-probLOGISTICS-13-0,67.0,67.0
logistics00-probLOGISTICS-13-1,57.0,57.0
logistics00-probLOGISTICS-14-0,55.0,55.0
logistics00-probLOGISTICS-14-1,67.0,67.0
logistics00-probLOGISTICS-15-0,71.0,71.0
logistics00-probLOGISTICS-15-1,63.0,63.0
logistics00-probLOGISTICS-4-0,19.0,19.0
logistics00-probLOGISTICS-4-1,17.0,17.0
logistics00-probLOGISTICS-4-2,13.0,13.0
logistics00-probLOGISTICS-5-0,25.0,25.0
logistics00-probLOGISTICS-5-1,15.0,15.0
logistics00-probLOGISTICS-5-2,8.0,8.0
logistics00-probLOGISTICS-6-0,23.0,23.0
logistics00-probLOGISTICS-6-1,13.0,13.0
logistics00-probLOGISTICS-6-2,23.0,23.0
logistics00-probLOGISTICS-6-9,21.0,21.0
logistics00-probLOGISTICS-7-0,33.0,33.0
logistics00-probLOGISTICS-7-1,39.0,39.0
logistics00-probLOGISTICS-8-0,29.0,29.0
logistics00-probLOGISTICS-8-1,41.0,41.0
logistics00-probLOGISTICS-9-0,33.0,33.0
logistics00-probLOGISTICS-9-1,29.0,29.0
logistics98-prob01,24.0,24.0
logistics98-prob02,28.0,28.0
logistics98-prob03,50.0,50.0
logistics98-prob04,53.0,53.0
logistics98-prob05,22.0,22.0
logistics98-prob06,65.0,65.0
logistics98-prob07,29.0,29.0
logistics98-prob08,37.0,37.0
logistics98-prob09,75.0,75.0
logistics98-prob10,93.0,93.0
logistics98-prob11,27.0,27.0
logistics98-prob12,37.0,37.0
logistics98-prob13,65.0,65.0
logistics98-prob14,80.0,80.0
logistics98-prob15,82.0,82.0
logistics98-prob16,52.0,52.0
logistics98-prob17,42.0,42.0
logistics98-prob18,152.0,152.0
logistics98-prob19,130.0,130.0
logistics98-prob20,128.0,128.0
logistics98-prob21,95.0,95.0
logistics98-prob22,252.0,252.0
logistics98-prob23,99.0,99.0
logistics98-prob24,39.0,39.0
logistics98-prob25,177.0,177.0
logistics98-prob26,175.0,175.0
logistics98-prob27,135.0,135.0
logistics98-prob28,243.0,243.0
logistics98-prob29,274.0,274.0
logistics98-prob30,124.0,124.0
logistics98-prob31,12.0,12.0
logistics98-prob32,18.0,18.0
logistics98-prob33,25.0,25.0
logistics98-prob34,42.0,42.0
logistics98-prob35,29.0,29.0
miconic-s1-0,3.0,3.0
miconic-s1-1,3.0,3.0
miconic-s1-2,3.0,3.0
miconic-s1-3,3.0,3.0
miconic-s1-4,3.0,3.0
miconic-s10-0,33.0,33.0
miconic-s10-1,32.0,32.0
miconic-s10-2,31.0,31.0
miconic-s10-3,34.0,34.0
miconic-s10-4,32.0,32.0
miconic-s11-0,36.0,36.0
miconic-s11-1,34.0,34.0
miconic-s11-2,37.0,37.0
miconic-s11-3,37.0,37.0
miconic-s11-4,34.0,34.0
miconic-s12-0,40.0,40.0
miconic-s12-1,40.0,40.0
miconic-s12-2,39.0,39.0
miconic-s12-3,38.0,38.0
miconic-s12-4,41.0,41.0
miconic-s13-0,43.0,43.0
miconic-s13-1,41.0,41.0
miconic-s13-2,46.0,46.0
miconic-s13-3,43.0,43.0
miconic-s13-4,41.0,41.0
miconic-s14-0,45.0,45.0
miconic-s14-1,47.0,47.0
miconic-s14-2,49.0,49.0
miconic-s14-3,42.0,42.0
miconic-s14-4,45.0,45.0
miconic-s15-0,46.0,46.0
miconic-s15-1,49.0,49.0
miconic-s15-2,49.0,49.0
miconic-s15-3,50.0,50.0
miconic-s15-4,46.0,46.0
miconic-s16-0,53.0,53.0
miconic-s16-1,52.0,52.0
miconic-s16-2,54.0,54.0
miconic-s16-3,51.0,51.0
miconic-s16-4,53.0,53.0
miconic-s17-0,55.0,55.0
miconic-s17-1,54.0,54.0
miconic-s17-2,54.0,54.0
miconic-s17-3,59.0,59.0
miconic-s17-4,54.0,54.0
miconic-s18-0,59.0,59.0
miconic-s18-1,58.0,58.0
miconic-s18-2,58.0,58.0
miconic-s18-3,59.0,59.0
miconic-s18-4,56.0,56.0
miconic-s19-0,62.0,62.0
miconic-s19-1,65.0,65.0
miconic-s19-2,61.0,61.0
miconic-s19-3,63.0,63.0
miconic-s19-4,62.0,62.0
miconic-s2-0,7.0,7.0
miconic-s2-1,6.0,6.0
miconic-s2-2,6.0,6.0
miconic-s2-3,7.0,7.0
miconic-s2-4,6.0,6.0
miconic-s20-0,63.0,63.0
miconic-s20-1,66.0,66.0
miconic-s20-2,62.0,62.0
miconic-s20-3,63.0,63.0
miconic-s20-4,64.0,64.0
miconic-s21-0,69.0,69.0
miconic-s21-1,69.0,69.0
miconic-s21-2,69.0,69.0
miconic-s21-3,66.0,66.0
miconic-s21-4,70.0,70.0
miconic-s22-0,72.0,72.0
miconic-s22-1,70.0,70.0
miconic-s22-2,71.0,71.0
miconic-s22-3,75.0,75.0
miconic-s22-4,71.0,71.0
miconic-s23-0,75.0,75.0
miconic-s23-1,74.0,74.0
miconic-s23-2,73.0,73.0
miconic-s23-3,71.0,71.0
miconic-s23-4,74.0,74.0
miconic-s24-0,79.0,79.0
miconic-s24-1,78.0,78.0
miconic-s24-2,77.0,77.0
miconic-s24-3,79.0,79.0
miconic-s24-4,77.0,77.0
miconic-s25-0,81.0,81.0
miconic-s25-1,85.0,85.0
miconic-s25-2,78.0,78.0
miconic-s25-3,84.0,84.0
miconic-s25-4,82.0,82.0
miconic-s26-0,83.0,83.0
miconic-s26-1,83.0,83.0
miconic-s26-2,90.0,90.0
miconic-s26-3,88.0,88.0
miconic-s26-4,82.0,82.0
miconic-s27-0,87.0,87.0
miconic-s27-1,91.0,91.0
miconic-s27-2,87.0,87.0
miconic-s27-3,89.0,89.0
miconic-s27-4,88.0,88.0
miconic-s28-0,94.0,94.0
miconic-s28-1,92.0,92.0
miconic-s28-2,93.0,93.0
miconic-s28-3,87.0,87.0
miconic-s28-4,92.0,92.0
miconic-s29-0,94.0,94.0
miconic-s29-1,91.0,91.0
miconic-s29-2,95.0,95.0
miconic-s29-3,96.0,96.0
miconic-s29-4,99.0,99.0
miconic-s3-0,10.0,10.0
miconic-s3-1,10.0,10.0
miconic-s3-2,9.0,9.0
miconic-s3-3,9.0,9.0
miconic-s3-4,9.0,9.0
miconic-s30-0,95.0,95.0
miconic-s30-1,98.0,98.0
miconic-s30-2,96.0,96.0
miconic-s30-3,100.0,100.0
miconic-s30-4,99.0,99.0
miconic-s4-0,14.0,14.0
miconic-s4-1,13.0,13.0
miconic-s4-2,14.0,14.0
miconic-s4-3,14.0,14.0
miconic-s4-4,15.0,15.0
miconic-s5-0,17.0,17.0
miconic-s5-1,16.0,16.0
miconic-s5-2,14.0,14.0
miconic-s5-3,17.0,17.0
miconic-s5-4,17.0,17.0
miconic-s6-0,18.0,18.0
miconic-s6-1,19.0,19.0
miconic-s6-2,19.0,19.0
miconic-s6-3,18.0,18.0
miconic-s6-4,20.0,20.0
miconic-s7-0,23.0,23.0
miconic-s7-1,24.0,24.0
miconic-s7-2,22.0,22.0
miconic-s7-3,22.0,22.0
miconic-s7-4,25.0,25.0
miconic-s8-0,27.0,27.0
miconic-s8-1,26.0,26.0
miconic-s8-2,25.0,25.0
miconic-s8-3,27.0,27.0
miconic-s8-4,26.0,26.0
miconic-s9-0,30.0,30.0
miconic-s9-1,29.0,29.0
miconic-s9-2,29.0,29.0
miconic-s9-3,31.0,31.0
miconic-s9-4,27.0,27.0
movie-prob01,7.0,7.0
movie-prob02,7.0,7.0
movie-prob03,7.0,7.0
movie-prob04,7.0,7.0
movie-prob05,7.0,7.0
movie-prob06,7.0,7.0
movie-prob07,7.0,7.0
movie-prob08,7.0,7.0
movie-prob09,7.0,7.0
movie-prob10,7.0,7.0
movie-prob11,7.0,7.0
movie-prob12,7.0,7.0
movie-prob13,7.0,7.0
movie-prob14,7.0,7.0
movie-prob15,7.0,7.0
movie-prob16,7.0,7.0
movie-prob17,7.0,7.0
movie-prob18,7.0,7.0
movie-prob19,7.0,7.0
movie-prob20,7.0,7.0
movie-prob21,7.0,7.0
movie-prob22,7.0,7.0
movie-prob23,7.0,7.0
movie-prob24,7.0,7.0
movie-prob25,7.0,7.0
movie-prob26,7.0,7.0
movie-prob27,7.0,7.0
movie-prob28,7.0,7.0
movie-prob29,7.0,7.0
movie-prob30,7.0,7.0
mprime-prob01,5.0,5.0
mprime-prob02,7.0,7.0
mprime-prob03,4.0,4.0
mprime-prob04,7.0,7.0
mprime-prob05,8.0,8.0
mprime-prob06,11.0,11.0
mprime-prob07,5.0,5.0
mprime-prob08,5.0,5.0
mprime-prob09,8.0,8.0
mprime-prob10,7.0,7.0
mprime-prob11,7.0,7.0
mprime-prob12,5.0,5.0
mprime-prob13,11.0,11.0
mprime-prob14,9.0,9.0
mprime-prob15,6.0,6.0
mprime-prob16,5.0,5.0
mprime-prob17,4.0,4.0
mprime-prob18,14.0,14.0
mprime-prob19,5.0,5.0
mprime-prob20,7.0,7.0
mprime-prob21,4.0,4.0
mprime-prob22,9.0,9.0
mprime-prob23,8.0,8.0
mprime-prob24,6.0,6.0
mprime-prob25,4.0,4.0
mprime-prob26,6.0,6.0
mprime-prob27,5.0,5.0
mprime-prob28,7.0,7.0
mprime-prob29,4.0,4.0
mprime-prob30,8.0,8.0
mprime-prob31,4.0,4.0
mprime-prob32,5.0,5.0
mprime-prob33,8.0,8.0
mprime-prob34,4.0,4.0
mprime-prob35,4.0,4.0
mystery-prob01,5.0,5.0
mystery-prob02,7.0,7.0
mystery-prob03,4.0,4.0
mystery-prob04,7.0,7.0
mystery-prob05,8.0,8.0
mystery-prob06,11.0,11.0
mystery-prob07,1e+20,1e+20
mystery-prob08,5.0,5.0
mystery-prob09,8.0,8.0
mystery-prob10,7.0,7.0
mystery-prob11,7.0,7.0
mystery-prob12,5.0,5.0
mystery-prob13,11.0,11.0
mystery-prob14,9.0,9.0
mystery-prob15,6.0,6.0
mystery-prob16,5.0,5.0
mystery-prob17,4.0,4.0
mystery-prob18,1e+20,1e+20
mystery-prob19,5.0,5.0
mystery-prob20,7.0,7.0
mystery-prob21,4.0,4.0
mystery-prob22,10.0,10.0
mystery-prob23,11.0,11.0
mystery-prob24,10.0,10.0
mystery-prob25,4.0,4.0
mystery-prob26,6.0,6.0
mystery-prob27,5.0,5.0
mystery-prob28,7.0,7.0
mystery-prob29,4.0,4.0
mystery-prob30,8.0,8.0
nomystery-opt11-strips-p01,9.0,9.0
nomystery-opt11-strips-p02,11.0,11.0
nomystery-opt11-strips-p03,13.0,13.0
nomystery-opt11-strips-p04,16.0,16.0
nomystery-opt11-strips-p05,20.0,20.0
nomystery-opt11-strips-p06,23.0,23.0
nomystery-opt11-strips-p07,27.0,27.0
nomystery-opt11-strips-p08,29.0,29.0
nomystery-opt11-strips-p09,31.0,31.0
nomystery-opt11-strips-p10,33.0,33.0
nomystery-opt11-strips-p11,9.0,9.0
nomystery-opt11-strips-p12,11.0,11.0
nomystery-opt11-strips-p13,13.0,13.0
nomystery-opt11-strips-p14,16.0,16.0
nomystery-opt11-strips-p15,20.0,20.0
nomystery-opt11-strips-p16,23.0,23.0
nomystery-opt11-strips-p17,27.0,27.0
nomystery-opt11-strips-p18,29.0,29.0
nomystery-opt11-strips-p19,31.0,31.0
nomystery-opt11-strips-p20,33.0,33.0
nomystery-sat11-strips-p01,16.0,16.0
nomystery-sat11-strips-p02,18.0,18.0
nomystery-sat11-strips-p03,22.0,22.0
nomystery-sat11-strips-p04,25.0,25.0
nomystery-sat11-strips-p05,29.0,29.0
nomystery-sat11-strips-p06,31.0,31.0
nomystery-sat11-strips-p07,33.0,33.0
nomystery-sat11-strips-p08,35.0,35.0
nomystery-sat11-strips-p09,40.0,40.0
nomystery-sat11-strips-p10,41.0,41.0
nomystery-sat11-strips-p11,16.0,16.0
nomystery-sat11-strips-p12,18.0,18.0
nomystery-sat11-strips-p13,22.0,22.0
nomystery-sat11-strips-p14,25.0,25.0
nomystery-sat11-strips-p15,29.0,29.0
nomystery-sat11-strips-p16,31.0,31.0
nomystery-sat11-strips-p17,33.0,33.0
nomystery-sat11-strips-p18,35.0,35.0
nomystery-sat11-strips-p19,40.0,40.0
nomystery-sat11-strips-p20,41.0,41.0
openstacks-opt08-strips-p01,1.0,1.0
openstacks-opt08-strips-p02,1.0,1.0
openstacks-opt08-strips-p03,1.0,1.0
openstacks-opt08-strips-p04,1.0,1.0
openstacks-opt08-strips-p05,1.0,1.0
openstacks-opt08-strips-p06,1.0,1.0
openstacks-opt08-strips-p07,1.0,1.0
openstacks-opt08-strips-p08,1.0,1.0
openstacks-opt08-strips-p09,1.0,1.0
openstacks-opt08-strips-p10,1.0,1.0
openstacks-opt08-strips-p11,1.0,1.0
openstacks-opt08-strips-p12,1.0,1.0
openstacks-opt08-strips-p13,1.0,1.0
openstacks-opt08-strips-p14,1.0,1.0
openstacks-opt08-strips-p15,1.0,1.0
openstacks-opt08-strips-p16,1.0,1.0
openstacks-opt08-strips-p17,1.0,1.0
openstacks-opt08-strips-p18,1.0,1.0
openstacks-opt08-strips-p19,1.0,1.0
openstacks-opt08-strips-p20,1.0,1.0
openstacks-opt08-strips-p21,1.0,1.0
openstacks-opt08-strips-p22,1.0,1.0
openstacks-opt08-strips-p23,1.0,1.0
openstacks-opt08-strips-p24,1.0,1.0
openstacks-opt08-strips-p25,1.0,1.0
openstacks-opt08-strips-p26,1.0,1.0
openstacks-opt08-strips-p27,1.0,1.0
openstacks-opt08-strips-p28,1.0,1.0
openstacks-opt08-strips-p29,1.0,1.0
openstacks-opt08-strips-p30,1.0,1.0
openstacks-opt11-strips-p01,1.0,1.0
openstacks-opt11-strips-p02,1.0,1.0
openstacks-opt11-strips-p03,1.0,1.0
openstacks-opt11-strips-p04,1.0,1.0
openstacks-opt11-strips-p05,1.0,1.0
openstacks-opt11-strips-p06,1.0,1.0
openstacks-opt11-strips-p07,1.0,1.0
openstacks-opt11-strips-p08,1.0,1.0
openstacks-opt11-strips-p09,1.0,1.0
openstacks-opt11-strips-p10,1.0,1.0
openstacks-opt11-strips-p11,1.0,1.0
openstacks-opt11-strips-p12,1.0,1.0
openstacks-opt11-strips-p13,1.0,1.0
openstacks-opt11-strips-p14,1.0,1.0
openstacks-opt11-strips-p15,1.0,1.0
openstacks-opt11-strips-p16,1.0,1.0
openstacks-opt11-strips-p17,1.0,1.0
openstacks-opt11-strips-p18,1.0,1.0
openstacks-opt11-strips-p19,1.0,1.0
openstacks-opt11-strips-p20,1.0,1.0
openstacks-opt14-strips-p20_1,1.0,1.0
openstacks-opt14-strips-p20_2,1.0,1.0
openstacks-opt14-strips-p20_3,1.0,1.0
openstacks-opt14-strips-p25_1,1.0,1.0
openstacks-opt14-strips-p25_3,1.0,1.0
openstacks-opt14-strips-p30_1,1.0,1.0
openstacks-opt14-strips-p30_2,1.0,1.0
openstacks-opt14-strips-p30_3,1.0,1.0
openstacks-opt14-strips-p35_1,1.0,1.0
openstacks-opt14-strips-p35_2,1.0,1.0
openstacks-opt14-strips-p35_3,1.0,1.0
openstacks-opt14-strips-p40_1,1.0,1.0
openstacks-opt14-strips-p40_2,1.0,1.0
openstacks-opt14-strips-p40_3,1.0,1.0
openstacks-opt14-strips-p45_1,1.0,1.0
openstacks-opt14-strips-p45_2,1.0,1.0
openstacks-opt14-strips-p45_3,1.0,1.0
openstacks-opt14-strips-p50_1,1.0,1.0
openstacks-opt14-strips-p50_2,1.0,1.0
openstacks-opt14-strips-p50_3,1.0,1.0
openstacks-sat08-strips-p01,1.0,1.0
openstacks-sat08-strips-p02,1.0,1.0
openstacks-sat08-strips-p03,1.0,1.0
openstacks-sat08-strips-p04,1.0,1.0
openstacks-sat08-strips-p05,1.0,1.0
openstacks-sat08-strips-p06,1.0,1.0
openstacks-sat08-strips-p07,1.0,1.0
openstacks-sat08-strips-p08,1.0,1.0
openstacks-sat08-strips-p09,1.0,1.0
openstacks-sat08-strips-p10,1.0,1.0
openstacks-sat08-strips-p11,1.0,1.0
openstacks-sat08-strips-p12,1.0,1.0
openstacks-sat08-strips-p13,1.0,1.0
openstacks-sat08-strips-p14,1.0,1.0
openstacks-sat08-strips-p15,1.0,1.0
openstacks-sat08-strips-p16,1.0,1.0
openstacks-sat08-strips-p17,1.0,1.0
openstacks-sat08-strips-p18,1.0,1.0
openstacks-sat08-strips-p19,1.0,1.0
openstacks-sat08-strips-p20,1.0,1.0
openstacks-sat08-strips-p21,1.0,1.0
openstacks-sat08-strips-p22,1.0,1.0
openstacks-sat08-strips-p23,1.0,1.0
openstacks-sat08-strips-p24,1.0,1.0
openstacks-sat08-strips-p25,1.0,1.0
openstacks-sat08-strips-p26,1.0,1.0
openstacks-sat08-strips-p27,1.0,1.0
openstacks-sat08-strips-p28,1.0,1.0
openstacks-sat08-strips-p29,1.0,1.0
openstacks-sat08-strips-p30,1.0,1.0
openstacks-sat11-strips-p01,1.0,1.0
openstacks-sat11-strips-p02,1.0,1.0
openstacks-sat11-strips-p03,1.0,1.0
openstacks-sat11-strips-p04,1.0,1.0
openstacks-sat11-strips-p05,1.0,1.0
openstacks-sat11-strips-p06,1.0,1.0
openstacks-sat11-strips-p07,1.0,1.0
openstacks-sat11-strips-p08,1.0,1.0
openstacks-sat11-strips-p09,1.0,1.0
openstacks-sat11-strips-p10,1.0,1.0
openstacks-sat11-strips-p11,1.0,1.0
openstacks-sat11-strips-p12,1.0,1.0
openstacks-sat11-strips-p13,1.0,1.0
openstacks-sat11-strips-p14,1.0,1.0
openstacks-sat11-strips-p15,1.0,1.0
openstacks-sat11-strips-p16,1.0,1.0
openstacks-sat11-strips-p17,1.0,1.0
openstacks-sat11-strips-p18,1.0,1.0
openstacks-sat11-strips-p19,1.0,1.0
openstacks-sat11-strips-p20,1.0,1.0
openstacks-sat14-strips-p170_2,1.0,1.0
openstacks-sat14-strips-p170_3,1.0,1.0
openstacks-sat14-strips-p190_1,1.0,1.0
openstacks-sat14-strips-p190_2,1.0,1.0
openstacks-sat14-strips-p190_3,1.0,1.0
openstacks-sat14-strips-p210_1,1.0,1.0
openstacks-sat14-strips-p210_2,1.0,1.0
openstacks-sat14-strips-p210_3,1.0,1.0
openstacks-sat14-strips-p230_1,1.0,1.0
openstacks-sat14-strips-p230_2,1.0,1.0
openstacks-sat14-strips-p230_3,1.0,1.0
openstacks-sat14-strips-p250_1,1.0,1.0
openstacks-sat14-strips-p250_2,1.0,1.0
openstacks-sat14-strips-p250_3,1.0,1.0
openstacks-sat14-strips-p270_1,1.0,1.0
openstacks-sat14-strips-p270_2,1.0,1.0
openstacks-sat14-strips-p270_3,1.0,1.0
openstacks-sat14-strips-p290_1,1.0,1.0
openstacks-sat14-strips-p290_2,1.0,1.0
openstacks-sat14-strips-p290_3,1.0,1.0
openstacks-strips-p01,21.0,21.0
openstacks-strips-p02,21.0,21.0
openstacks-strips-p03,21.0,21.0
openstacks-strips-p04,21.0,21.0
openstacks-strips-p05,21.0,21.0
openstacks-strips-p06,41.0,41.0
openstacks-strips-p07,41.0,41.0
openstacks-strips-p08,81.0,81.0
openstacks-strips-p09,81.0,81.0
openstacks-strips-p10,81.0,81.0
openstacks-strips-p11,81.0,81.0
openstacks-strips-p12,81.0,81.0
openstacks-strips-p13,81.0,81.0
openstacks-strips-p14,81.0,81.0
openstacks-strips-p15,81.0,81.0
openstacks-strips-p16,81.0,81.0
openstacks-strips-p17,101.0,101.0
openstacks-strips-p18,169.0,169.0
openstacks-strips-p19,101.0,101.0
openstacks-strips-p20,121.0,121.0
openstacks-strips-p21,121.0,121.0
openstacks-strips-p22,121.0,121.0
openstacks-strips-p23,121.0,121.0
openstacks-strips-p24,201.0,201.0
openstacks-strips-p25,201.0,201.0
openstacks-strips-p26,201.0,201.0
openstacks-strips-p27,301.0,301.0
openstacks-strips-p28,401.0,401.0
openstacks-strips-p29,401.0,401.0
openstacks-strips-p30,401.0,401.0
organic-synthesis-opt18-strips-p01,1.0,1.0
organic-synthesis-opt18-strips-p02,1.0,1.0
organic-synthesis-opt18-strips-p03,2.0,2.0
organic-synthesis-opt18-strips-p07,2.0,2.0
organic-synthesis-opt18-strips-p09,2.0,2.0
organic-synthesis-opt18-strips-p10,2.0,2.0
organic-synthesis-opt18-strips-p11,2.0,2.0
organic-synthesis-opt18-strips-p12,2.0,2.0
organic-synthesis-opt18-strips-p14,2.0,2.0
organic-synthesis-sat18-strips-p06,2.0,2.0
organic-synthesis-sat18-strips-p07,2.0,2.0
organic-synthesis-sat18-strips-p16,6.0,6.0
organic-synthesis-split-opt18-strips-p01,41.0,41.0
organic-synthesis-split-opt18-strips-p02,41.0,41.0
organic-synthesis-split-opt18-strips-p03,247.0,247.0
organic-synthesis-split-opt18-strips-p04,239.0,239.0
organic-synthesis-split-opt18-strips-p05,122.0,122.0
organic-synthesis-split-opt18-strips-p06,247.0,247.0
organic-synthesis-split-opt18-strips-p07,189.0,189.0
organic-synthesis-split-opt18-strips-p08,234.0,234.0
organic-synthesis-split-opt18-strips-p09,47.0,47.0
organic-synthesis-split-opt18-strips-p10,47.0,47.0
organic-synthesis-split-opt18-strips-p11,73.0,73.0
organic-synthesis-split-opt18-strips-p12,39.0,39.0
organic-synthesis-split-opt18-strips-p13,231.40500738036218,250.0
organic-synthesis-split-opt18-strips-p14,55.0,55.0
organic-synthesis-split-opt18-strips-p15,201.99999999999991,245.0
organic-synthesis-split-opt18-strips-p16,103.0,103.0
organic-synthesis-split-opt18-strips-p17,224.0,479.0
organic-synthesis-split-opt18-strips-p18,163.0,627.0
organic-synthesis-split-opt18-strips-p19,155.0,155.0
organic-synthesis-split-opt18-strips-p20,268.0,435.0
organic-synthesis-split-sat18-strips-p01,216.0,216.0
organic-synthesis-split-sat18-strips-p02,247.0,247.0
organic-synthesis-split-sat18-strips-p03,246.0,246.0
organic-synthesis-split-sat18-strips-p04,158.0,158.0
organic-synthesis-split-sat18-strips-p05,224.0,224.0
organic-synthesis-split-sat18-strips-p06,45.0,45.0
organic-synthesis-split-sat18-strips-p07,48.0,48.0
organic-synthesis-split-sat18-strips-p08,108.0,108.0
organic-synthesis-split-sat18-strips-p09,126.0,238.0
organic-synthesis-split-sat18-strips-p10,237.22609366652708,318.0
organic-synthesis-split-sat18-strips-p11,177.0,362.0
organic-synthesis-split-sat18-strips-p12,300.0,429.0
organic-synthesis-split-sat18-strips-p13,322.0,486.0
organic-synthesis-split-sat18-strips-p14,433.0,25202.0
organic-synthesis-split-sat18-strips-p15,273.0,273.0
organic-synthesis-split-sat18-strips-p16,540.0,540.0
organic-synthesis-split-sat18-strips-p17,293.0,580.0
organic-synthesis-split-sat18-strips-p18,480.0,803.0
organic-synthesis-split-sat18-strips-p19,83.0,1e+20
organic-synthesis-split-sat18-strips-p20,218.0,17002.0
parcprinter-08-strips-p01,169009.0,169009.0
parcprinter-08-strips-p02,438047.0,438047.0
parcprinter-08-strips-p03,807114.0,807114.0
parcprinter-08-strips-p04,876094.0,876094.0
parcprinter-08-strips-p05,1145132.0,1145132.0
parcprinter-08-strips-p06,1514199.0,1514199.0
parcprinter-08-strips-p07,1383121.0,1383121.0
parcprinter-08-strips-p08,1852217.0,1852217.0
parcprinter-08-strips-p09,2121255.0,2121255.0
parcprinter-08-strips-p10,2490322.0,2490322.0
parcprinter-08-strips-p11,165989.0,165989.0
parcprinter-08-strips-p12,425725.0,425725.0
parcprinter-08-strips-p13,591714.0,591714.0
parcprinter-08-strips-p14,851450.0,851450.0
parcprinter-08-strips-p15,1323035.0,1323035.0
parcprinter-08-strips-p16,1370922.0,1370922.0
parcprinter-08-strips-p17,1443164.0,1443164.0
parcprinter-08-strips-p18,1890394.0,1890394.0
parcprinter-08-strips-p19,2579475.0,2579475.0
parcprinter-08-strips-p20,2246727.0,2246727.0
parcprinter-08-strips-p21,143411.0,143411.0
parcprinter-08-strips-p22,375821.0,375821.0
parcprinter-08-strips-p23,519232.0,519232.0
parcprinter-08-strips-p24,751642.0,751642.0
parcprinter-08-strips-p25,1196842.0,1196842.0
parcprinter-08-strips-p26,1216462.0,1216462.0
parcprinter-08-strips-p27,1270874.0,1270874.0
parcprinter-08-strips-p28,1681282.0,1681282.0
parcprinter-08-strips-p29,2343271.0,2343271.0
parcprinter-08-strips-p30,2002896.0,2002896.0
parcprinter-opt11-strips-p01,375821.0,375821.0
parcprinter-opt11-strips-p02,438047.0,438047.0
parcprinter-opt11-strips-p03,425725.0,425725.0
parcprinter-opt11-strips-p04,876094.0,876094.0
parcprinter-opt11-strips-p05,519232.0,519232.0
parcprinter-opt11-strips-p06,1514199.0,1514199.0
parcprinter-opt11-strips-p07,1145132.0,1145132.0
parcprinter-opt11-strips-p08,751642.0,751642.0
parcprinter-opt11-strips-p09,591714.0,591714.0
parcprinter-opt11-strips-p10,1196842.0,1196842.0
parcprinter-opt11-strips-p11,1216462.0,1216462.0
parcprinter-opt11-strips-p12,851450.0,851450.0
parcprinter-opt11-strips-p13,1383121.0,1383121.0
parcprinter-opt11-strips-p14,1852217.0,1852217.0
parcprinter-opt11-strips-p15,2121255.0,2121255.0
parcprinter-opt11-strips-p16,2490322.0,2490322.0
parcprinter-opt11-strips-p17,1323035.0,1323035.0
parcprinter-opt11-strips-p18,1370922.0,1370922.0
parcprinter-opt11-strips-p19,1443164.0,1443164.0
parcprinter-opt11-strips-p20,1270874.0,1270874.0
parcprinter-sat11-strips-p01,1383121.0,1383121.0
parcprinter-sat11-strips-p02,1852217.0,1852217.0
parcprinter-sat11-strips-p03,2490322.0,2490322.0
parcprinter-sat11-strips-p04,2246727.0,2246727.0
parcprinter-sat11-strips-p05,1216462.0,1216462.0
parcprinter-sat11-strips-p06,1270874.0,1270874.0
parcprinter-sat11-strips-p07,2121255.0,2121255.0
parcprinter-sat11-strips-p08,1681282.0,1681282.0
parcprinter-sat11-strips-p09,2343271.0,2343271.0
parcprinter-sat11-strips-p10,2002896.0,2002896.0
parcprinter-sat11-strips-p11,1629147.0,1629147.0
parcprinter-sat11-strips-p12,2828340.0,2828340.0
parcprinter-sat11-strips-p13,3335367.0,3335367.0
parcprinter-sat11-strips-p14,2578705.0,2578705.0
parcprinter-sat11-strips-p15,2494225.0,2494225.0
parcprinter-sat11-strips-p16,2826203.0,2826203.0
parcprinter-sat11-strips-p17,1526454.0,1526454.0
parcprinter-sat11-strips-p18,2319652.0,2319652.0
parcprinter-sat11-strips-p19,2981641.0,2981641.0
parcprinter-sat11-strips-p20,2289718.0,2289718.0
parking-opt11-strips-pfile03-011,10.0,10.0
parking-opt11-strips-pfile03-012,14.0,14.0
parking-opt11-strips-pfile04-013,17.0,17.0
parking-opt11-strips-pfile04-014,16.0,16.0
parking-opt11-strips-pfile04-015,15.0,15.0
parking-opt11-strips-pfile04-016,16.0,16.0
parking-opt11-strips-pfile05-017,19.0,19.0
parking-opt11-strips-pfile05-018,17.0,17.0
parking-opt11-strips-pfile05-019,19.0,19.0
parking-opt11-strips-pfile05-020,19.0,19.0
parking-opt11-strips-pfile06-021,21.0,21.0
parking-opt11-strips-pfile06-022,23.0,23.0
parking-opt11-strips-pfile06-023,21.0,21.0
parking-opt11-strips-pfile06-024,21.0,21.0
parking-opt11-strips-pfile07-025,23.0,23.0
parking-opt11-strips-pfile07-026,21.0,21.0
parking-opt11-strips-pfile07-027,23.0,23.0
parking-opt11-strips-pfile07-028,24.0,24.0
parking-opt11-strips-pfile08-029,25.0,25.0
parking-opt11-strips-pfile08-030,25.0,25.0
parking-opt14-strips-p_12_7-01,13.0,13.0
parking-opt14-strips-p_12_7-02,12.0,12.0
parking-opt14-strips-p_12_7-03,13.0,13.0
parking-opt14-strips-p_12_7-04,14.0,14.0
parking-opt14-strips-p_14_8-01,16.0,16.0
parking-opt14-strips-p_14_8-02,16.0,16.0
parking-opt14-strips-p_14_8-03,16.0,16.0
parking-opt14-strips-p_14_8-04,16.0,16.0
parking-opt14-strips-p_16_9-01,19.0,19.0
parking-opt14-strips-p_16_9-02,17.0,17.0
parking-opt14-strips-p_16_9-03,17.0,17.0
parking-opt14-strips-p_16_9-04,18.0,18.0
parking-opt14-strips-p_18_10-01,23.0,23.0
parking-opt14-strips-p_18_10-02,20.0,20.0
parking-opt14-strips-p_18_10-03,19.0,19.0
parking-opt14-strips-p_18_10-04,21.0,21.0
parking-opt14-strips-p_20_11-01,22.0,22.0
parking-opt14-strips-p_20_11-02,21.0,21.0
parking-opt14-strips-p_20_11-03,23.0,23.0
parking-opt14-strips-p_20_11-04,23.0,23.0
parking-sat11-strips-pfile08-031,24.0,24.0
parking-sat11-strips-pfile08-032,25.0,25.0
parking-sat11-strips-pfile09-033,27.0,27.0
parking-sat11-strips-pfile09-034,27.0,27.0
parking-sat11-strips-pfile09-035,27.0,27.0
parking-sat11-strips-pfile09-036,26.0,26.0
parking-sat11-strips-pfile10-037,29.0,29.0
parking-sat11-strips-pfile10-038,29.0,29.0
parking-sat11-strips-pfile10-039,28.0,28.0
parking-sat11-strips-pfile10-040,28.0,28.0
parking-sat11-strips-pfile11-041,32.0,32.0
parking-sat11-strips-pfile11-042,31.0,31.0
parking-sat11-strips-pfile11-043,32.0,32.0
parking-sat11-strips-pfile11-044,29.0,29.0
parking-sat11-strips-pfile12-045,35.0,35.0
parking-sat11-strips-pfile12-046,35.0,35.0
parking-sat11-strips-pfile12-047,36.0,36.0
parking-sat11-strips-pfile12-048,37.0,37.0
parking-sat11-strips-pfile13-049,35.0,35.0
parking-sat11-strips-pfile13-050,36.0,36.0
parking-sat14-strips-p_28_2,32.0,32.0
parking-sat14-strips-p_28_3,30.0,30.0
parking-sat14-strips-p_30_1,34.0,34.0
parking-sat14-strips-p_30_2,33.0,33.0
parking-sat14-strips-p_30_3,34.0,34.0
parking-sat14-strips-p_32_1,34.0,34.0
parking-sat14-strips-p_32_2,37.0,37.0
parking-sat14-strips-p_32_3,36.0,36.0
parking-sat14-strips-p_34_1,38.0,38.0
parking-sat14-strips-p_34_2,38.0,38.0
parking-sat14-strips-p_34_3,38.0,38.0
parking-sat14-strips-p_36_1,40.0,40.0
parking-sat14-strips-p_36_2,41.0,41.0
parking-sat14-strips-p_36_3,39.0,39.0
parking-sat14-strips-p_38_1,41.0,41.0
parking-sat14-strips-p_38_2,42.0,42.0
parking-sat14-strips-p_38_3,41.0,41.0
parking-sat14-strips-p_40_1,44.0,44.0
parking-sat14-strips-p_40_2,42.0,42.0
parking-sat14-strips-p_40_3,45.0,45.0
pathways-p01,6.0,6.0
pathways-p02,12.0,12.0
pathways-p03,16.0,16.0
pathways-p04,15.0,15.0
pathways-p05,29.0,29.0
pathways-p06,46.0,46.0
pathways-p07,46.0,46.0
pathways-p08,66.0,66.0
pathways-p09,50.0,50.0
pathways-p10,58.0,58.0
pathways-p11,54.0,54.0
pathways-p12,80.0,80.0
pathways-p13,75.0,75.0
pathways-p14,76.0,76.0
pathways-p15,78.0,78.0
pathways-p16,89.0,89.0
pathways-p17,97.0,97.0
pathways-p18,98.0,98.0
pathways-p19,106.0,106.0
pathways-p20,102.0,102.0
pathways-p21,106.0,106.0
pathways-p22,106.0,106.0
pathways-p23,112.0,112.0
pathways-p24,117.0,117.0
pathways-p25,127.0,127.0
pathways-p26,129.0,129.0
pathways-p27,127.0,127.0
pathways-p28,127.0,127.0
pathways-p29,141.0,141.0
pathways-p30,131.0,131.0
pegsol-08-strips-p01,2.0,2.0
pegsol-08-strips-p02,2.0,2.0
pegsol-08-strips-p03,1.0,1.0
pegsol-08-strips-p04,3.0,3.0
pegsol-08-strips-p05,2.0,2.0
pegsol-08-strips-p06,3.0,3.0
pegsol-08-strips-p07,3.0,3.0
pegsol-08-strips-p08,3.0,3.0
pegsol-08-strips-p09,3.0,3.0
pegsol-08-strips-p10,3.0,3.0
pegsol-08-strips-p11,3.0,3.0
pegsol-08-strips-p12,3.0,3.0
pegsol-08-strips-p13,4.0,4.0
pegsol-08-strips-p14,4.0,4.0
pegsol-08-strips-p15,4.0,4.0
pegsol-08-strips-p16,6.0,6.0
pegsol-08-strips-p17,4.0,4.0
pegsol-08-strips-p18,5.0,5.0
pegsol-08-strips-p19,5.0,5.0
pegsol-08-strips-p20,3.0,3.0
pegsol-08-strips-p21,5.0,5.0
pegsol-08-strips-p22,4.0,4.0
pegsol-08-strips-p23,5.0,5.0
pegsol-08-strips-p24,5.0,5.0
pegsol-08-strips-p25,4.0,4.0
pegsol-08-strips-p26,5.0,5.0
pegsol-08-strips-p27,5.0,5.0
pegsol-08-strips-p28,9.0,9.0
pegsol-08-strips-p29,8.0,8.0
pegsol-08-strips-p30,13.0,13.0
pegsol-opt11-strips-p01,2.0,2.0
pegsol-opt11-strips-p02,4.0,4.0
pegsol-opt11-strips-p03,5.0,5.0
pegsol-opt11-strips-p04,5.0,5.0
pegsol-opt11-strips-p05,7.0,7.0
pegsol-opt11-strips-p06,5.0,5.0
pegsol-opt11-strips-p07,4.0,4.0
pegsol-opt11-strips-p08,3.0,3.0
pegsol-opt11-strips-p09,4.0,4.0
pegsol-opt11-strips-p10,5.0,5.0
pegsol-opt11-strips-p11,4.0,4.0
pegsol-opt11-strips-p12,6.0,6.0
pegsol-opt11-strips-p13,5.0,5.0
pegsol-opt11-strips-p14,5.0,5.0
pegsol-opt11-strips-p15,4.0,4.0
pegsol-opt11-strips-p16,5.0,5.0
pegsol-opt11-strips-p17,5.0,5.0
pegsol-opt11-strips-p18,9.0,9.0
pegsol-opt11-strips-p19,8.0,8.0
pegsol-opt11-strips-p20,13.0,13.0
pegsol-sat11-strips-p01,4.0,4.0
pegsol-sat11-strips-p02,5.0,5.0
pegsol-sat11-strips-p03,5.0,5.0
pegsol-sat11-strips-p04,7.0,7.0
pegsol-sat11-strips-p05,5.0,5.0
pegsol-sat11-strips-p06,4.0,4.0
pegsol-sat11-strips-p07,4.0,4.0
pegsol-sat11-strips-p08,6.0,6.0
pegsol-sat11-strips-p09,5.0,5.0
pegsol-sat11-strips-p10,3.0,3.0
pegsol-sat11-strips-p11,5.0,5.0
pegsol-sat11-strips-p12,5.0,5.0
pegsol-sat11-strips-p13,4.0,4.0
pegsol-sat11-strips-p14,4.0,4.0
pegsol-sat11-strips-p15,4.0,4.0
pegsol-sat11-strips-p16,5.0,5.0
pegsol-sat11-strips-p17,5.0,5.0
pegsol-sat11-strips-p18,9.0,9.0
pegsol-sat11-strips-p19,8.0,8.0
pegsol-sat11-strips-p20,13.0,13.0
petri-net-alignment-opt18-strips-p01,7.0,7.0
petri-net-alignment-opt18-strips-p02,18.0,18.0
petri-net-alignment-opt18-strips-p03,33.0,33.0
petri-net-alignment-opt18-strips-p04,47.0,47.0
petri-net-alignment-opt18-strips-p05,42.0,42.0
petri-net-alignment-opt18-strips-p06,63.0,63.0
petri-net-alignment-opt18-strips-p07,57.0,57.0
petri-net-alignment-opt18-strips-p08,71.0,71.0
petri-net-alignment-opt18-strips-p09,59.0,59.0
petri-net-alignment-opt18-strips-p10,89.0,89.0
petri-net-alignment-opt18-strips-p11,65.0,65.0
petri-net-alignment-opt18-strips-p12,86.0,86.0
petri-net-alignment-opt18-strips-p13,84.0,84.0
petri-net-alignment-opt18-strips-p14,75.0,75.0
petri-net-alignment-opt18-strips-p15,83.0,83.0
petri-net-alignment-opt18-strips-p16,74.0,74.0
petri-net-alignment-opt18-strips-p17,86.0,86.0
petri-net-alignment-opt18-strips-p18,77.0,77.0
petri-net-alignment-opt18-strips-p19,63.0,63.0
petri-net-alignment-opt18-strips-p20,84.0,84.0
pipesworld-notankage-p01-net1-b6-g2,5.0,5.0
pipesworld-notankage-p02-net1-b6-g4,7.0,7.0
pipesworld-notankage-p03-net1-b8-g3,7.0,7.0
pipesworld-notankage-p04-net1-b8-g5,7.0,7.0
pipesworld-notankage-p05-net1-b10-g4,7.0,7.0
pipesworld-notankage-p06-net1-b10-g6,9.0,9.0
pipesworld-notankage-p07-net1-b12-g5,8.0,8.0
pipesworld-notankage-p08-net1-b12-g7,10.0,10.0
pipesworld-notankage-p09-net1-b14-g6,13.0,13.0
pipesworld-notankage-p10-net1-b14-g8,17.0,17.0
pipesworld-notankage-p11-net2-b10-g2,11.0,11.0
pipesworld-notankage-p12-net2-b10-g4,13.0,13.0
pipesworld-notankage-p13-net2-b12-g3,12.0,12.0
pipesworld-notankage-p14-net2-b12-g5,18.0,18.0
pipesworld-notankage-p15-net2-b14-g4,14.0,14.0
pipesworld-notankage-p16-net2-b14-g6,19.0,19.0
pipesworld-notankage-p17-net2-b16-g5,12.0,12.0
pipesworld-notankage-p18-net2-b16-g7,18.0,18.0
pipesworld-notankage-p19-net2-b18-g6,20.0,20.0
pipesworld-notankage-p20-net2-b18-g8,23.0,23.0
pipesworld-notankage-p21-net3-b12-g2,9.0,9.0
pipesworld-notankage-p22-net3-b12-g4,19.0,19.0
pipesworld-notankage-p23-net3-b14-g3,14.0,14.0
pipesworld-notankage-p24-net3-b14-g5,18.0,18.0
pipesworld-notankage-p25-net3-b16-g5,20.0,20.0
pipesworld-notankage-p26-net3-b16-g7,24.0,24.0
pipesworld-notankage-p27-net3-b18-g6,19.0,19.0
pipesworld-notankage-p28-net3-b18-g7,25.0,25.0
pipesworld-notankage-p29-net3-b20-g6,21.0,21.0
pipesworld-notankage-p30-net3-b20-g8,30.0,30.0
pipesworld-notankage-p31-net4-b14-g3,18.0,18.0
pipesworld-notankage-p32-net4-b14-g5,20.0,20.0
pipesworld-notankage-p33-net4-b16-g5,18.0,18.0
pipesworld-notankage-p34-net4-b16-g6,24.0,24.0
pipesworld-notankage-p35-net4-b18-g4,16.0,16.0
pipesworld-notankage-p36-net4-b18-g6,18.0,18.0
pipesworld-notankage-p37-net4-b20-g5,14.0,14.0
pipesworld-notankage-p38-net4-b20-g7,18.0,18.0
pipesworld-notankage-p39-net4-b22-g7,20.0,20.0
pipesworld-notankage-p40-net4-b22-g8,22.0,22.0
pipesworld-notankage-p41-net5-b22-g2,8.0,8.0
pipesworld-notankage-p42-net5-b22-g4,16.0,16.0
pipesworld-notankage-p43-net5-b24-g3,18.0521254979526,20.0
pipesworld-notankage-p44-net5-b24-g5,20.868339271923166,23.0
pipesworld-notankage-p45-net5-b26-g4,19.434403406104682,24.0
pipesworld-notankage-p46-net5-b26-g6,24.070051005227466,29.0
pipesworld-notankage-p47-net5-b28-g5,26.286608528912005,35.0
pipesworld-notankage-p48-net5-b28-g7,31.096243644746888,41.0
pipesworld-notankage-p49-net5-b30-g6,22.083841368205473,28.0
pipesworld-notankage-p50-net5-b30-g8,27.985694713942408,38.0
pipesworld-tankage-p01-net1-b6-g2-t50,5.0,5.0
pipesworld-tankage-p02-net1-b6-g4-t50,7.0,7.0
pipesworld-tankage-p03-net1-b8-g3-t80,7.0,7.0
pipesworld-tankage-p04-net1-b8-g5-t80,7.0,7.0
pipesworld-tankage-p05-net1-b10-g4-t50,7.0,7.0
pipesworld-tankage-p06-net1-b10-g6-t50,9.0,9.0
pipesworld-tankage-p07-net1-b12-g5-t80,8.0,8.0
pipesworld-tankage-p08-net1-b12-g7-t80,10.0,10.0
pipesworld-tankage-p09-net1-b14-g6-t50,13.0,13.0
pipesworld-tankage-p10-net1-b14-g8-t50,17.0,17.0
pipesworld-tankage-p11-net2-b10-g2-t30,12.0,12.0
pipesworld-tankage-p12-net2-b10-g4-t60,13.0,13.0
pipesworld-tankage-p13-net2-b12-g3-t70,12.0,12.0
pipesworld-tankage-p14-net2-b12-g5-t30,19.0,19.0
pipesworld-tankage-p15-net2-b14-g4-t30,14.0,14.0
pipesworld-tankage-p16-net2-b14-g6-t80,19.0,19.0
pipesworld-tankage-p17-net2-b16-g5-t20,13.0,13.0
pipesworld-tankage-p18-net2-b16-g7-t60,18.0,18.0
pipesworld-tankage-p19-net2-b18-g6-t60,20.0,20.0
pipesworld-tankage-p20-net2-b18-g8-t90,23.0,23.0
pipesworld-tankage-p21-net3-b12-g2-t60,9.0,9.0
pipesworld-tankage-p22-net3-b12-g4-t60,19.0,19.0
pipesworld-tankage-p23-net3-b14-g3-t60,15.0,15.0
pipesworld-tankage-p24-net3-b14-g5-t60,19.0,19.0
pipesworld-tankage-p25-net3-b16-g5-t60,20.0,20.0
pipesworld-tankage-p26-net3-b16-g7-t70,24.0,24.0
pipesworld-tankage-p27-net3-b18-g6-t70,19.0,19.0
pipesworld-tankage-p28-net3-b18-g7-t70,26.0,26.0
pipesworld-tankage-p29-net3-b20-g6-t70,21.0,21.0
pipesworld-tankage-p30-net3-b20-g8-t70,30.0,30.0
pipesworld-tankage-p31-net4-b14-g3-t20,19.0,19.0
pipesworld-tankage-p32-net4-b14-g5-t30,20.0,20.0
pipesworld-tankage-p33-net4-b16-g5-t60,19.0,19.0
pipesworld-tankage-p34-net4-b16-g6-t60,21.21679926811215,25.0
pipesworld-tankage-p35-net4-b18-g4-t90,13.348185885408414,16.0
pipesworld-tankage-p36-net4-b18-g6-t90,18.0,18.0
pipesworld-tankage-p37-net4-b20-g5-t60,14.0,14.0
pipesworld-tankage-p38-net4-b20-g7-t60,17.098058820632062,18.0
pipesworld-tankage-p39-net4-b22-g7-t50,18.189897535199798,21.0
pipesworld-tankage-p40-net4-b22-g8-t50,19.9544664939196,22.0
pipesworld-tankage-p41-net5-b22-g2-t20,8.0,8.0
pipesworld-tankage-p42-net5-b22-g4-t50,14.45000755365702,18.0
pipesworld-tankage-p43-net5-b24-g3-t80,14.9560476377692,21.0
pipesworld-tankage-p44-net5-b24-g5-t80,16.182958171984826,24.0
pipesworld-tankage-p45-net5-b26-g4-t50,16.497121060705002,23.0
pipesworld-tankage-p46-net5-b26-g6-t50,21.257004081263695,32.0
pipesworld-tankage-p47-net5-b28-g5-t50,21.970414353072595,35.0
pipesworld-tankage-p48-net5-b28-g7-t50,26.195366246944754,39.0
pipesworld-tankage-p49-net5-b30-g6-t50,18.066936840078412,28.0
pipesworld-tankage-p50-net5-b30-g8-t50,23.8454700144993,39.0
psr-small-p01-s2-n1-l2-f50,1.0,1.0
psr-small-p02-s5-n1-l3-f30,1.0,1.0
psr-small-p03-s7-n1-l3-f70,1.0,1.0
psr-small-p04-s8-n1-l4-f10,1.0,1.0
psr-small-p05-s9-n1-l4-f30,1.0,1.0
psr-small-p06-s10-n1-l4-f50,1.0,1.0
psr-small-p07-s11-n1-l4-f70,1.0,1.0
psr-small-p08-s12-n1-l5-f10,1.0,1.0
psr-small-p09-s13-n1-l5-f30,1.0,1.0
psr-small-p10-s17-n2-l2-f30,2.0,2.0
psr-small-p11-s18-n2-l2-f50,2.0,2.0
psr-small-p12-s21-n2-l3-f30,2.0,2.0
psr-small-p13-s22-n2-l3-f50,3.0,3.0
psr-small-p14-s23-n2-l3-f70,2.0,2.0
psr-small-p15-s24-n2-l4-f10,2.0,2.0
psr-small-p16-s29-n2-l5-f30,3.0,3.0
psr-small-p17-s30-n2-l5-f50,2.0,2.0
psr-small-p18-s31-n2-l5-f70,2.0,2.0
psr-small-p19-s33-n3-l2-f30,5.0,5.0
psr-small-p20-s34-n3-l2-f50,3.0,3.0
psr-small-p21-s35-n3-l2-f70,3.0,3.0
psr-small-p22-s37-n3-l3-f30,4.0,4.0
psr-small-p23-s38-n3-l3-f50,3.0,3.0
psr-small-p24-s39-n3-l3-f70,3.0,3.0
psr-small-p25-s40-n3-l4-f10,2.0,2.0
psr-small-p26-s41-n3-l4-f30,3.0,3.0
psr-small-p27-s42-n3-l4-f50,3.0,3.0
psr-small-p28-s43-n3-l4-f70,3.0,3.0
psr-small-p29-s45-n3-l5-f30,5.0,5.0
psr-small-p30-s46-n3-l5-f50,3.0,3.0
psr-small-p31-s49-n4-l2-f30,4.0,4.0
psr-small-p32-s50-n4-l2-f50,4.0,4.0
psr-small-p33-s51-n4-l2-f70,4.0,4.0
psr-small-p34-s55-n4-l3-f70,4.0,4.0
psr-small-p35-s57-n5-l2-f30,4.0,4.0
psr-small-p36-s65-n6-l2-f30,6.0,6.0
psr-small-p37-s67-n6-l2-f70,6.0,6.0
psr-small-p38-s78-n3-l3-f50,3.0,3.0
psr-small-p39-s79-n3-l3-f70,3.0,3.0
psr-small-p40-s80-n3-l4-f10,3.0,3.0
psr-small-p41-s81-n3-l4-f30,3.0,3.0
psr-small-p42-s82-n3-l4-f50,4.0,4.0
psr-small-p43-s83-n3-l4-f70,4.0,4.0
psr-small-p44-s89-n4-l2-f30,5.0,5.0
psr-small-p45-s94-n4-l3-f50,4.0,4.0
psr-small-p46-s97-n5-l2-f30,5.0,5.0
psr-small-p47-s98-n5-l2-f50,4.0,4.0
psr-small-p48-s101-n5-l3-f30,5.0,5.0
psr-small-p49-s105-n6-l2-f30,7.0,7.0
psr-small-p50-s107-n6-l2-f70,6.0,6.0
rovers-p01,9.0,9.0
rovers-p02,7.0,7.0
rovers-p03,9.0,9.0
rovers-p04,8.0,8.0
rovers-p05,18.0,18.0
rovers-p06,27.0,27.0
rovers-p07,15.0,15.0
rovers-p08,21.0,21.0
rovers-p09,24.0,24.0
rovers-p10,26.0,26.0
rovers-p11,24.0,24.0
rovers-p12,16.0,16.0
rovers-p13,32.0,32.0
rovers-p14,22.0,22.0
rovers-p15,29.0,29.0
rovers-p16,30.0,30.0
rovers-p17,36.0,36.0
rovers-p18,31.0,31.0
rovers-p19,45.0,45.0
rovers-p20,58.0,58.0
rovers-p21,41.0,41.0
rovers-p22,46.0,46.0
rovers-p23,53.0,53.0
rovers-p24,65.0,65.0
rovers-p25,25.0,25.0
rovers-p26,40.0,40.0
rovers-p27,59.0,59.0
rovers-p28,52.0,52.0
rovers-p29,43.0,43.0
rovers-p30,70.0,70.0
rovers-p31,69.0,69.0
rovers-p32,100.0,100.0
rovers-p33,126.0,126.0
rovers-p34,87.0,87.0
rovers-p35,176.0,176.0
rovers-p36,115.0,115.0
rovers-p37,163.0,163.0
rovers-p38,146.0,146.0
rovers-p39,190.0,190.0
rovers-p40,186.0,186.0
satellite-p01-pfile1,8.0,8.0
satellite-p02-pfile2,12.0,12.0
satellite-p03-pfile3,10.0,10.0
satellite-p04-pfile4,17.0,17.0
satellite-p05-pfile5,14.0,14.0
satellite-p06-pfile6,18.0,18.0
satellite-p07-pfile7,20.0,20.0
satellite-p08-pfile8,24.0,24.0
satellite-p09-pfile9,26.0,26.0
satellite-p10-pfile10,29.0,29.0
satellite-p11-pfile11,31.0,31.0
satellite-p12-pfile12,42.0,42.0
satellite-p13-pfile13,55.0,55.0
satellite-p14-pfile14,39.0,39.0
satellite-p15-pfile15,44.0,44.0
satellite-p16-pfile16,45.0,45.0
satellite-p17-pfile17,41.0,41.0
satellite-p18-pfile18,31.0,31.0
satellite-p19-pfile19,58.0,58.0
satellite-p20-pfile20,74.0,74.0
satellite-p21-HC-pfile1,72.0,72.0
satellite-p22-HC-pfile2,89.0,89.0
satellite-p23-HC-pfile3,99.0,99.0
satellite-p24-HC-pfile4,137.0,137.0
satellite-p25-HC-pfile5,125.0,125.0
satellite-p26-HC-pfile6,134.0,134.0
satellite-p27-HC-pfile7,134.0,134.0
satellite-p28-HC-pfile8,191.0,191.0
satellite-p29-HC-pfile9,185.0,185.0
satellite-p30-HC-pfile10,226.0,226.0
satellite-p31-HC-pfile11,267.0,267.0
satellite-p32-HC-pfile12,364.0,364.0
satellite-p33-HC-pfile13,460.0,460.0
satellite-p34-HC-pfile14,285.0,285.0
satellite-p35-HC-pfile15,374.0,374.0
satellite-p36-HC-pfile16,356.0,356.0
scanalyzer-08-strips-p01,18.0,18.0
scanalyzer-08-strips-p02,20.0,20.0
scanalyzer-08-strips-p03,22.0,22.0
scanalyzer-08-strips-p04,24.0,24.0
scanalyzer-08-strips-p05,27.0,27.0
scanalyzer-08-strips-p06,30.0,30.0
scanalyzer-08-strips-p07,30.0,30.0
scanalyzer-08-strips-p08,34.0,34.0
scanalyzer-08-strips-p09,38.0,38.0
scanalyzer-08-strips-p10,36.0,36.0
scanalyzer-08-strips-p11,41.0,41.0
scanalyzer-08-strips-p12,46.0,46.0
scanalyzer-08-strips-p13,42.0,42.0
scanalyzer-08-strips-p14,48.0,48.0
scanalyzer-08-strips-p15,54.0,54.0
scanalyzer-08-strips-p16,48.0,48.0
scanalyzer-08-strips-p17,55.0,55.0
scanalyzer-08-strips-p18,62.0,62.0
scanalyzer-08-strips-p19,54.0,54.0
scanalyzer-08-strips-p20,62.0,62.0
scanalyzer-08-strips-p21,70.0,70.0
scanalyzer-08-strips-p22,12.0,12.0
scanalyzer-08-strips-p23,12.0,12.0
scanalyzer-08-strips-p24,12.0,12.0
scanalyzer-08-strips-p25,24.0,24.0
scanalyzer-08-strips-p26,26.0,26.0
scanalyzer-08-strips-p27,28.0,28.0
scanalyzer-08-strips-p28,36.0,36.0
scanalyzer-08-strips-p29,40.0,40.0
scanalyzer-08-strips-p30,40.22222222222222,46.0
scanalyzer-opt11-strips-p01,12.0,12.0
scanalyzer-opt11-strips-p02,20.0,20.0
scanalyzer-opt11-strips-p03,22.0,22.0
scanalyzer-opt11-strips-p04,24.0,24.0
scanalyzer-opt11-strips-p05,30.0,30.0
scanalyzer-opt11-strips-p06,27.0,27.0
scanalyzer-opt11-strips-p07,54.0,54.0
scanalyzer-opt11-strips-p08,36.0,36.0
scanalyzer-opt11-strips-p09,42.0,42.0
scanalyzer-opt11-strips-p10,48.0,48.0
scanalyzer-opt11-strips-p11,24.0,24.0
scanalyzer-opt11-strips-p12,30.0,30.0
scanalyzer-opt11-strips-p13,28.0,28.0
scanalyzer-opt11-strips-p14,26.0,26.0
scanalyzer-opt11-strips-p15,34.0,34.0
scanalyzer-opt11-strips-p16,41.0,41.0
scanalyzer-opt11-strips-p17,48.0,48.0
scanalyzer-opt11-strips-p18,55.0,55.0
scanalyzer-opt11-strips-p19,62.0,62.0
scanalyzer-opt11-strips-p20,36.0,36.0
scanalyzer-sat11-strips-p01,24.0,24.0
scanalyzer-sat11-strips-p02,36.0,36.0
scanalyzer-sat11-strips-p03,30.0,30.0
scanalyzer-sat11-strips-p04,38.0,38.0
scanalyzer-sat11-strips-p05,42.0,42.0
scanalyzer-sat11-strips-p06,26.0,26.0
scanalyzer-sat11-strips-p07,48.0,48.0
scanalyzer-sat11-strips-p08,28.0,28.0
scanalyzer-sat11-strips-p09,46.0,46.0
scanalyzer-sat11-strips-p10,48.0,48.0
scanalyzer-sat11-strips-p11,54.0,54.0
scanalyzer-sat11-strips-p12,41.0,41.0
scanalyzer-sat11-strips-p13,34.0,34.0
scanalyzer-sat11-strips-p14,55.0,55.0
scanalyzer-sat11-strips-p15,62.0,62.0
scanalyzer-sat11-strips-p16,62.0,62.0
scanalyzer-sat11-strips-p17,70.0,70.0
scanalyzer-sat11-strips-p18,36.0,36.0
scanalyzer-sat11-strips-p19,40.0,40.0
scanalyzer-sat11-strips-p20,40.22222222222222,46.0
schedule-probschedule-10-0,10.0,10.0
schedule-probschedule-10-1,8.0,8.0
schedule-probschedule-10-2,10.0,10.0
schedule-probschedule-11-0,11.0,11.0
schedule-probschedule-11-1,11.0,11.0
schedule-probschedule-11-2,11.0,11.0
schedule-probschedule-12-0,12.0,12.0
schedule-probschedule-12-1,12.0,12.0
schedule-probschedule-12-2,12.0,12.0
schedule-probschedule-13-0,13.0,13.0
schedule-probschedule-13-1,13.0,13.0
schedule-probschedule-13-2,13.0,13.0
schedule-probschedule-14-0,14.0,14.0
schedule-probschedule-14-1,14.0,14.0
schedule-probschedule-14-2,14.0,14.0
schedule-probschedule-15-0,15.0,15.0
schedule-probschedule-15-1,14.0,14.0
schedule-probschedule-15-2,14.0,14.0
schedule-probschedule-16-0,16.0,16.0
schedule-probschedule-16-1,15.0,15.0
schedule-probschedule-16-2,15.0,15.0
schedule-probschedule-17-0,15.0,15.0
schedule-probschedule-17-1,17.0,17.0
schedule-probschedule-17-2,17.0,17.0
schedule-probschedule-18-0,17.0,17.0
schedule-probschedule-18-1,18.0,18.0
schedule-probschedule-18-2,17.0,17.0
schedule-probschedule-19-0,19.0,19.0
schedule-probschedule-19-1,18.0,18.0
schedule-probschedule-19-2,18.0,18.0
schedule-probschedule-2-0,2.0,2.0
schedule-probschedule-2-1,2.0,2.0
schedule-probschedule-2-2,2.0,2.0
schedule-probschedule-20-0,20.0,20.0
schedule-probschedule-20-1,20.0,20.0
schedule-probschedule-20-2,20.0,20.0
schedule-probschedule-21-0,19.0,19.0
schedule-probschedule-21-1,20.0,20.0
schedule-probschedule-21-2,20.0,20.0
schedule-probschedule-22-0,21.0,21.0
schedule-probschedule-22-1,22.0,22.0
schedule-probschedule-22-2,21.0,21.0
schedule-probschedule-23-0,23.0,23.0
schedule-probschedule-23-1,23.0,23.0
schedule-probschedule-23-2,23.0,23.0
schedule-probschedule-24-0,24.0,24.0
schedule-probschedule-24-1,24.0,24.0
schedule-probschedule-24-2,23.0,23.0
schedule-probschedule-25-0,24.0,24.0
schedule-probschedule-25-1,25.0,25.0
schedule-probschedule-25-2,23.0,23.0
schedule-probschedule-26-0,25.0,25.0
schedule-probschedule-26-1,26.0,26.0
schedule-probschedule-26-2,26.0,26.0
schedule-probschedule-27-0,27.0,27.0
schedule-probschedule-27-1,27.0,27.0
schedule-probschedule-27-2,26.0,26.0
schedule-probschedule-28-0,26.0,26.0
schedule-probschedule-28-1,27.0,27.0
schedule-probschedule-28-2,28.0,28.0
schedule-probschedule-29-0,28.0,28.0
schedule-probschedule-29-1,29.0,29.0
schedule-probschedule-29-2,27.0,27.0
schedule-probschedule-3-0,3.0,3.0
schedule-probschedule-3-1,2.0,2.0
schedule-probschedule-3-2,3.0,3.0
schedule-probschedule-30-0,30.0,30.0
schedule-probschedule-30-1,30.0,30.0
schedule-probschedule-30-2,28.0,28.0
schedule-probschedule-31-0,30.0,30.0
schedule-probschedule-31-1,31.0,31.0
schedule-probschedule-31-2,31.0,31.0
schedule-probschedule-32-0,29.0,29.0
schedule-probschedule-32-1,31.0,31.0
schedule-probschedule-32-2,31.0,31.0
schedule-probschedule-33-0,31.0,31.0
schedule-probschedule-33-1,32.0,32.0
schedule-probschedule-33-2,32.0,32.0
schedule-probschedule-34-0,32.0,32.0
schedule-probschedule-34-1,34.0,34.0
schedule-probschedule-34-2,33.0,33.0
schedule-probschedule-35-0,35.0,35.0
schedule-probschedule-35-1,34.0,34.0
schedule-probschedule-35-2,34.0,34.0
schedule-probschedule-36-0,34.0,34.0
schedule-probschedule-36-1,35.0,35.0
schedule-probschedule-36-2,35.0,35.0
schedule-probschedule-37-0,37.0,37.0
schedule-probschedule-37-1,35.0,35.0
schedule-probschedule-37-2,36.0,36.0
schedule-probschedule-38-0,38.0,38.0
schedule-probschedule-38-1,36.0,36.0
schedule-probschedule-38-2,36.0,36.0
schedule-probschedule-39-0,38.0,38.0
schedule-probschedule-39-1,38.0,38.0
schedule-probschedule-39-2,36.0,36.0
schedule-probschedule-4-0,4.0,4.0
schedule-probschedule-4-1,4.0,4.0
schedule-probschedule-4-2,4.0,4.0
schedule-probschedule-40-0,39.0,39.0
schedule-probschedule-40-1,38.0,38.0
schedule-probschedule-40-2,40.0,40.0
schedule-probschedule-41-0,40.0,40.0
schedule-probschedule-41-1,41.0,41.0
schedule-probschedule-41-2,41.0,41.0
schedule-probschedule-42-0,40.0,40.0
schedule-probschedule-42-1,42.0,42.0
schedule-probschedule-42-2,40.0,40.0
schedule-probschedule-43-0,42.0,42.0
schedule-probschedule-43-1,42.0,42.0
schedule-probschedule-43-2,42.0,42.0
schedule-probschedule-44-0,41.0,41.0
schedule-probschedule-44-1,43.0,43.0
schedule-probschedule-44-2,41.0,41.0
schedule-probschedule-45-0,45.0,45.0
schedule-probschedule-45-1,43.0,43.0
schedule-probschedule-45-2,42.0,42.0
schedule-probschedule-46-0,45.0,45.0
schedule-probschedule-46-1,45.0,45.0
schedule-probschedule-46-2,43.0,43.0
schedule-probschedule-47-0,46.0,46.0
schedule-probschedule-47-1,45.0,45.0
schedule-probschedule-47-2,44.0,44.0
schedule-probschedule-48-0,47.0,47.0
schedule-probschedule-48-1,43.0,43.0
schedule-probschedule-48-2,48.0,48.0
schedule-probschedule-49-0,45.0,45.0
schedule-probschedule-49-1,48.0,48.0
schedule-probschedule-49-2,48.0,48.0
schedule-probschedule-5-0,4.0,4.0
schedule-probschedule-5-1,5.0,5.0
schedule-probschedule-5-2,5.0,5.0
schedule-probschedule-50-0,47.0,47.0
schedule-probschedule-50-1,48.0,48.0
schedule-probschedule-50-2,49.0,49.0
schedule-probschedule-51-0,49.0,49.0
schedule-probschedule-51-1,47.0,47.0
schedule-probschedule-51-2,48.0,48.0
schedule-probschedule-6-0,6.0,6.0
schedule-probschedule-6-1,6.0,6.0
schedule-probschedule-6-2,4.0,4.0
schedule-probschedule-7-0,6.0,6.0
schedule-probschedule-7-1,7.0,7.0
schedule-probschedule-7-2,7.0,7.0
schedule-probschedule-8-0,8.0,8.0
schedule-probschedule-8-1,8.0,8.0
schedule-probschedule-8-2,8.0,8.0
schedule-probschedule-9-0,9.0,9.0
schedule-probschedule-9-1,8.0,8.0
schedule-probschedule-9-2,9.0,9.0
snake-opt18-strips-p01,9.0,9.0
snake-opt18-strips-p02,9.0,9.0
snake-opt18-strips-p03,8.0,8.0
snake-opt18-strips-p04,9.0,9.0
snake-opt18-strips-p05,6.0,6.0
snake-opt18-strips-p06,8.0,8.0
snake-opt18-strips-p07,9.0,9.0
snake-opt18-strips-p08,8.0,8.0
snake-opt18-strips-p09,12.0,12.0
snake-opt18-strips-p10,9.0,9.0
snake-opt18-strips-p11,12.0,12.0
snake-opt18-strips-p12,10.0,10.0
snake-opt18-strips-p13,11.0,11.0
snake-opt18-strips-p14,16.0,16.0
snake-opt18-strips-p15,7.0,7.0
snake-opt18-strips-p16,13.0,13.0
snake-opt18-strips-p17,13.0,13.0
snake-opt18-strips-p18,12.0,12.0
snake-opt18-strips-p19,10.0,10.0
snake-opt18-strips-p20,9.0,9.0
snake-sat18-strips-p01,13.0,13.0
snake-sat18-strips-p02,10.0,10.0
snake-sat18-strips-p03,12.0,12.0
snake-sat18-strips-p04,12.0,12.0
snake-sat18-strips-p05,11.0,11.0
snake-sat18-strips-p06,15.0,17.0
snake-sat18-strips-p07,13.214285714285715,14.0
snake-sat18-strips-p08,11.0,11.0
snake-sat18-strips-p09,12.0,12.0
snake-sat18-strips-p10,13.602192362093353,16.0
snake-sat18-strips-p11,13.0,13.0
snake-sat18-strips-p12,13.0,13.0
snake-sat18-strips-p13,13.0,13.0
snake-sat18-strips-p14,12.000000000000004,12.0
snake-sat18-strips-p15,14.0,16.0
snake-sat18-strips-p16,13.36842105263158,16.0
snake-sat18-strips-p17,12.0,12.0
snake-sat18-strips-p18,14.0,16.0
snake-sat18-strips-p19,13.99999999999998,18.0
snake-sat18-strips-p20,14.666666666666668,20.0
sokoban-opt08-strips-p01,10.0,10.0
sokoban-opt08-strips-p02,9.0,9.0
sokoban-opt08-strips-p03,3.0,3.0
sokoban-opt08-strips-p04,25.0,25.0
sokoban-opt08-strips-p05,8.0,8.0
sokoban-opt08-strips-p06,2.0,2.0
sokoban-opt08-strips-p07,7.0,7.0
sokoban-opt08-strips-p08,13.0,13.0
sokoban-opt08-strips-p09,5.0,5.0
sokoban-opt08-strips-p10,10.0,10.0
sokoban-opt08-strips-p11,16.0,16.0
sokoban-opt08-strips-p12,8.0,8.0
sokoban-opt08-strips-p13,4.0,4.0
sokoban-opt08-strips-p14,11.0,11.0
sokoban-opt08-strips-p15,57.0,57.0
sokoban-opt08-strips-p16,16.0,16.0
sokoban-opt08-strips-p17,6.0,6.0
sokoban-opt08-strips-p18,29.0,29.0
sokoban-opt08-strips-p19,27.0,27.0
sokoban-opt08-strips-p20,2.0,2.0
sokoban-opt08-strips-p21,2.0,2.0
sokoban-opt08-strips-p22,30.0,30.0
sokoban-opt08-strips-p23,15.0,15.0
sokoban-opt08-strips-p24,14.0,14.0
sokoban-opt08-strips-p25,25.0,25.0
sokoban-opt08-strips-p26,23.0,23.0
sokoban-opt08-strips-p27,11.0,11.0
sokoban-opt08-strips-p28,18.0,18.0
sokoban-opt08-strips-p29,15.0,15.0
sokoban-opt08-strips-p30,12.0,12.0
sokoban-opt11-strips-p01,2.0,2.0
sokoban-opt11-strips-p02,6.0,6.0
sokoban-opt11-strips-p03,11.0,11.0
sokoban-opt11-strips-p04,25.0,25.0
sokoban-opt11-strips-p05,16.0,16.0
sokoban-opt11-strips-p06,16.0,16.0
sokoban-opt11-strips-p07,10.0,10.0
sokoban-opt11-strips-p08,5.0,5.0
sokoban-opt11-strips-p09,7.0,7.0
sokoban-opt11-strips-p10,8.0,8.0
sokoban-opt11-strips-p11,4.0,4.0
sokoban-opt11-strips-p12,2.0,2.0
sokoban-opt11-strips-p13,13.0,13.0
sokoban-opt11-strips-p14,8.0,8.0
sokoban-opt11-strips-p15,29.0,29.0
sokoban-opt11-strips-p16,57.0,57.0
sokoban-opt11-strips-p17,27.0,27.0
sokoban-opt11-strips-p18,2.0,2.0
sokoban-opt11-strips-p19,30.0,30.0
sokoban-opt11-strips-p20,15.0,15.0
sokoban-sat08-strips-p01,9.0,9.0
sokoban-sat08-strips-p02,25.0,25.0
sokoban-sat08-strips-p03,2.0,2.0
sokoban-sat08-strips-p04,13.0,13.0
sokoban-sat08-strips-p05,10.0,10.0
sokoban-sat08-strips-p06,8.0,8.0
sokoban-sat08-strips-p07,11.0,11.0
sokoban-sat08-strips-p08,16.0,16.0
sokoban-sat08-strips-p09,29.0,29.0
sokoban-sat08-strips-p10,2.0,2.0
sokoban-sat08-strips-p11,2.0,2.0
sokoban-sat08-strips-p12,30.0,30.0
sokoban-sat08-strips-p13,15.0,15.0
sokoban-sat08-strips-p14,14.0,14.0
sokoban-sat08-strips-p15,25.0,25.0
sokoban-sat08-strips-p16,23.0,23.0
sokoban-sat08-strips-p17,11.0,11.0
sokoban-sat08-strips-p18,18.0,18.0
sokoban-sat08-strips-p19,15.0,15.0
sokoban-sat08-strips-p20,12.0,12.0
sokoban-sat08-strips-p21,29.0,29.0
sokoban-sat08-strips-p22,21.0,21.0
sokoban-sat08-strips-p23,30.0,30.0
sokoban-sat08-strips-p24,22.0,22.0
sokoban-sat08-strips-p25,15.0,15.0
sokoban-sat08-strips-p26,32.0,32.0
sokoban-sat08-strips-p27,8.0,8.0
sokoban-sat08-strips-p28,76.0,76.0
sokoban-sat08-strips-p29,22.0,22.0
sokoban-sat08-strips-p30,53.0,53.0
sokoban-sat11-strips-p01,15.0,15.0
sokoban-sat11-strips-p02,16.0,16.0
sokoban-sat11-strips-p03,11.0,11.0
sokoban-sat11-strips-p04,23.0,23.0
sokoban-sat11-strips-p05,14.0,14.0
sokoban-sat11-strips-p06,30.0,30.0
sokoban-sat11-strips-p07,15.0,15.0
sokoban-sat11-strips-p08,21.0,21.0
sokoban-sat11-strips-p09,2.0,2.0
sokoban-sat11-strips-p10,30.0,30.0
sokoban-sat11-strips-p11,76.0,76.0
sokoban-sat11-strips-p12,18.0,18.0
sokoban-sat11-strips-p13,8.0,8.0
sokoban-sat11-strips-p14,22.0,22.0
sokoban-sat11-strips-p15,53.0,53.0
sokoban-sat11-strips-p16,15.0,15.0
sokoban-sat11-strips-p17,32.0,32.0
sokoban-sat11-strips-p18,22.0,22.0
sokoban-sat11-strips-p19,25.0,25.0
sokoban-sat11-strips-p20,12.0,12.0
spider-opt18-strips-p01,10.0,10.0
spider-opt18-strips-p02,13.0,13.0
spider-opt18-strips-p03,14.0,14.0
spider-opt18-strips-p04,19.0,19.0
spider-opt18-strips-p05,21.0,21.0
spider-opt18-strips-p06,26.0,26.0
spider-opt18-strips-p07,9.0,9.0
spider-opt18-strips-p08,12.0,12.0
spider-opt18-strips-p09,16.0,16.0
spider-opt18-strips-p10,17.0,17.0
spider-opt18-strips-p11,19.0,19.0
spider-opt18-strips-p12,23.0,23.0
spider-opt18-strips-p13,26.0,26.0
spider-opt18-strips-p14,6.0,6.0
spider-opt18-strips-p15,13.0,13.0
spider-opt18-strips-p16,11.0,11.0
spider-opt18-strips-p17,19.0,19.0
spider-opt18-strips-p18,21.0,21.0
spider-opt18-strips-p19,20.0,20.0
spider-opt18-strips-p20,28.0,28.0
spider-sat18-strips-p01,20.0,20.0
spider-sat18-strips-p02,24.0,24.0
spider-sat18-strips-p03,30.0,30.0
spider-sat18-strips-p04,29.0,29.0
spider-sat18-strips-p05,31.0,31.0
spider-sat18-strips-p06,37.0,37.0
spider-sat18-strips-p07,18.0,18.0
spider-sat18-strips-p08,19.0,19.0
spider-sat18-strips-p09,22.0,22.0
spider-sat18-strips-p10,23.0,23.0
spider-sat18-strips-p11,31.0,31.0
spider-sat18-strips-p12,31.0,31.0
spider-sat18-strips-p13,33.0,33.0
spider-sat18-strips-p14,18.0,18.0
spider-sat18-strips-p15,19.0,19.0
spider-sat18-strips-p16,22.0,22.0
spider-sat18-strips-p17,26.0,26.0
spider-sat18-strips-p18,26.0,26.0
spider-sat18-strips-p19,28.0,28.0
spider-sat18-strips-p20,33.0,33.0
storage-p01,3.0,3.0
storage-p02,3.0,3.0
storage-p03,3.0,3.0
storage-p04,6.0,6.0
storage-p05,6.0,6.0
storage-p06,6.0,6.0
storage-p07,10.0,10.0
storage-p08,8.0,8.0
storage-p09,7.0,7.0
storage-p10,12.0,12.0
storage-p11,9.0,9.0
storage-p12,9.0,9.0
storage-p13,12.0,12.0
storage-p14,13.0,13.0
storage-p15,11.0,11.0
storage-p16,13.0,13.0
storage-p17,15.0,15.0
storage-p18,18.0,18.0
storage-p19,19.0,19.0
storage-p20,22.0,22.0
storage-p21,24.0,24.0
storage-p22,25.0,25.0
storage-p23,28.0,28.0
storage-p24,29.0,29.0
storage-p25,33.0,33.0
storage-p26,34.0,34.0
storage-p27,36.0,36.0
storage-p28,38.0,38.0
storage-p29,40.0,40.0
storage-p30,41.0,41.0
termes-opt18-strips-p01,9.0,9.0
termes-opt18-strips-p02,11.0,11.0
termes-opt18-strips-p03,10.0,10.0
termes-opt18-strips-p04,16.0,16.0
termes-opt18-strips-p05,12.0,12.0
termes-opt18-strips-p06,18.0,18.0
termes-opt18-strips-p07,14.0,14.0
termes-opt18-strips-p08,18.0,18.0
termes-opt18-strips-p09,16.0,16.0
termes-opt18-strips-p10,18.0,18.0
termes-opt18-strips-p11,16.0,16.0
termes-opt18-strips-p12,14.0,14.0
termes-opt18-strips-p13,21.0,21.0
termes-opt18-strips-p14,18.0,18.0
termes-opt18-strips-p15,23.0,23.0
termes-opt18-strips-p16,26.0,26.0
termes-opt18-strips-p17,25.0,25.0
termes-opt18-strips-p18,21.0,21.0
termes-opt18-strips-p19,19.0,19.0
termes-opt18-strips-p20,24.0,24.0
termes-sat18-strips-p01,14.0,14.0
termes-sat18-strips-p02,22.0,22.0
termes-sat18-strips-p03,19.0,19.0
termes-sat18-strips-p04,23.0,23.0
termes-sat18-strips-p05,24.0,24.0
termes-sat18-strips-p06,25.0,25.0
termes-sat18-strips-p07,28.0,28.0
termes-sat18-strips-p08,19.0,19.0
termes-sat18-strips-p09,18.0,18.0
termes-sat18-strips-p10,20.0,20.0
termes-sat18-strips-p11,34.0,34.0
termes-sat18-strips-p12,51.0,51.0
termes-sat18-strips-p13,66.0,66.0
termes-sat18-strips-p14,81.0,81.0
termes-sat18-strips-p15,96.0,96.0
termes-sat18-strips-p16,44.0,44.0
termes-sat18-strips-p17,60.0,60.0
termes-sat18-strips-p18,76.0,76.0
termes-sat18-strips-p19,92.0,92.0
termes-sat18-strips-p20,118.0,118.0
tetris-opt14-strips-p01-10,16.0,16.0
tetris-opt14-strips-p01-6,17.0,17.0
tetris-opt14-strips-p01-8,17.0,17.0
tetris-opt14-strips-p02-10,19.0,19.0
tetris-opt14-strips-p02-4,8.0,8.0
tetris-opt14-strips-p02-6,15.0,15.0
tetris-opt14-strips-p02-8,19.0,19.0
tetris-opt14-strips-p03-10,27.0,27.0
tetris-opt14-strips-p03-4,7.0,7.0
tetris-opt14-strips-p03-6,11.0,11.0
tetris-opt14-strips-p03-8,20.0,20.0
tetris-opt14-strips-p04-10,28.0,28.0
tetris-opt14-strips-p04-6,14.0,14.0
tetris-opt14-strips-p04-8,25.0,25.0
tetris-opt14-strips-p05-10,23.0,23.0
tetris-opt14-strips-p05-6,12.0,12.0
tetris-opt14-strips-p05-8,22.0,22.0
tetris-sat14-strips-p020,19.0,19.0
tetris-sat14-strips-p021,35.0,35.0
tetris-sat14-strips-p022,24.0,24.0
tetris-sat14-strips-p023,28.0,28.0
tetris-sat14-strips-p024,28.0,28.0
tetris-sat14-strips-p025,22.0,22.0
tetris-sat14-strips-p026,37.0,37.0
tetris-sat14-strips-p027,33.0,33.0
tetris-sat14-strips-p028,33.0,33.0
tetris-sat14-strips-p029,25.0,25.0
tetris-sat14-strips-p031,41.0,41.0
tetris-sat14-strips-p032,22.0,22.0
tetris-sat14-strips-p033,38.0,38.0
tetris-sat14-strips-p034,39.0,39.0
tetris-sat14-strips-p035,38.0,38.0
tetris-sat14-strips-p036,29.0,29.0
tetris-sat14-strips-p037,34.0,34.0
tetris-sat14-strips-p038,33.0,33.0
tetris-sat14-strips-p039,41.0,41.0
tetris-sat14-strips-p040,39.0,39.0
thoughtful-mco14-strips-p11_6_65-typed,66.11951975115448,70.0
thoughtful-mco14-strips-p11_6_74-typed,73.0,73.0
thoughtful-mco14-strips-p11_6_75-typed,70.0,70.0
thoughtful-mco14-strips-p11_6_78-typed,66.28229866794938,69.0
thoughtful-mco14-strips-p11_6_88-typed,70.04173009479264,76.0
thoughtful-mco14-strips-p11_6_89-typed,76.0,76.0
thoughtful-mco14-strips-p11_6_98-typed,71.0,71.0
thoughtful-mco14-strips-p11_6_99-typed,68.62758919007608,70.0
thoughtful-mco14-strips-p13_7_55-typed,79.00000000000003,79.0
thoughtful-mco14-strips-p13_7_56-typed,80.23949398315142,83.0
thoughtful-mco14-strips-p13_7_58-typed,81.1627646602461,84.0
thoughtful-mco14-strips-p13_7_61-typed,84.94858815292764,89.0
thoughtful-mco14-strips-p13_7_62-typed,84.0,84.0
thoughtful-mco14-strips-p13_7_64-typed,84.88251704405104,88.0
thoughtful-mco14-strips-p13_7_68-typed,82.0,82.0
thoughtful-mco14-strips-p13_7_69-typed,85.95577916161935,90.0
thoughtful-mco14-strips-p13_7_72-typed,83.68260413105963,87.0
thoughtful-mco14-strips-p13_7_74-typed,84.11506932247131,87.0
thoughtful-mco14-strips-p13_7_79-typed,81.0,81.0
thoughtful-mco14-strips-p13_7_86-typed,78.38925432647073,82.0
thoughtful-sat14-strips-bootstrap-typed-01,26.0,26.0
thoughtful-sat14-strips-bootstrap-typed-02,24.0,24.0
thoughtful-sat14-strips-bootstrap-typed-03,25.0,25.0
thoughtful-sat14-strips-bootstrap-typed-04,26.0,26.0
thoughtful-sat14-strips-bootstrap-typed-05,29.0,29.0
thoughtful-sat14-strips-p11_6_53-typed,73.0,73.0
thoughtful-sat14-strips-p11_6_59-typed,68.32518371283271,70.0
thoughtful-sat14-strips-p11_6_62-typed,65.98027158416286,68.0
thoughtful-sat14-strips-p13_7_78-typed,83.87504485050296,87.0
thoughtful-sat14-strips-p13_7_79-typed,81.0,81.0
thoughtful-sat14-strips-p13_7_86-typed,78.38925432647073,82.0
thoughtful-sat14-strips-target-typed-20,80.07541425469444,85.0
thoughtful-sat14-strips-target-typed-21,86.27418269450074,91.0
thoughtful-sat14-strips-target-typed-22,84.71813883717245,88.0
thoughtful-sat14-strips-target-typed-23,85.0,85.0
thoughtful-sat14-strips-target-typed-24,82.0,82.0
thoughtful-sat14-strips-target-typed-25,77.63072485450611,80.0
thoughtful-sat14-strips-target-typed-26,81.90268342389714,86.0
thoughtful-sat14-strips-target-typed-27,78.96671112036529,81.0
thoughtful-sat14-strips-target-typed-28,82.83431343826358,84.0
tidybot-opt11-strips-p01,4.0,4.0
tidybot-opt11-strips-p02,20.0,20.0
tidybot-opt11-strips-p03,13.0,13.0
tidybot-opt11-strips-p04,26.0,26.0
tidybot-opt11-strips-p05,25.0,25.0
tidybot-opt11-strips-p06,28.0,28.0
tidybot-opt11-strips-p07,14.0,14.0
tidybot-opt11-strips-p08,20.0,20.0
tidybot-opt11-strips-p09,18.0,18.0
tidybot-opt11-strips-p10,25.0,25.0
tidybot-opt11-strips-p11,18.0,18.0
tidybot-opt11-strips-p12,25.0,25.0
tidybot-opt11-strips-p13,19.0,19.0
tidybot-opt11-strips-p14,18.0,18.0
tidybot-opt11-strips-p15,21.0,21.0
tidybot-opt11-strips-p16,25.0,25.0
tidybot-opt11-strips-p17,26.0,26.0
tidybot-opt11-strips-p18,20.0,20.0
tidybot-opt11-strips-p19,23.0,23.0
tidybot-opt11-strips-p20,28.0,28.0
tidybot-opt14-strips-p01,26.0,26.0
tidybot-opt14-strips-p02,27.0,27.0
tidybot-opt14-strips-p03,21.0,21.0
tidybot-opt14-strips-p04,20.0,20.0
tidybot-opt14-strips-p05,22.0,22.0
tidybot-opt14-strips-p06,27.0,27.0
tidybot-opt14-strips-p07,25.0,25.0
tidybot-opt14-strips-p08,18.0,18.0
tidybot-opt14-strips-p09,24.0,24.0
tidybot-opt14-strips-p10,27.0,27.0
tidybot-opt14-strips-p11,18.0,18.0
tidybot-opt14-strips-p12,25.0,25.0
tidybot-opt14-strips-p13,19.0,19.0
tidybot-opt14-strips-p14,18.0,18.0
tidybot-opt14-strips-p15,21.0,21.0
tidybot-opt14-strips-p16,25.0,25.0
tidybot-opt14-strips-p17,26.0,26.0
tidybot-opt14-strips-p18,20.0,20.0
tidybot-opt14-strips-p19,23.0,23.0
tidybot-opt14-strips-p20,28.0,28.0
tidybot-sat11-strips-p01,26.0,26.0
tidybot-sat11-strips-p02,27.0,27.0
tidybot-sat11-strips-p03,21.0,21.0
tidybot-sat11-strips-p04,20.0,20.0
tidybot-sat11-strips-p05,22.0,22.0
tidybot-sat11-strips-p06,27.0,27.0
tidybot-sat11-strips-p07,25.0,25.0
tidybot-sat11-strips-p08,18.0,18.0
tidybot-sat11-strips-p09,24.0,24.0
tidybot-sat11-strips-p10,27.0,27.0
tidybot-sat11-strips-p11,28.0,28.0
tidybot-sat11-strips-p12,21.0,21.0
tidybot-sat11-strips-p13,26.0,26.0
tidybot-sat11-strips-p14,26.0,26.0
tidybot-sat11-strips-p15,28.0,28.0
tidybot-sat11-strips-p16,28.0,28.0
tidybot-sat11-strips-p17,25.334771881856934,27.0
tidybot-sat11-strips-p18,23.075634784457527,25.0
tidybot-sat11-strips-p19,50.41089670685251,58.0
tidybot-sat11-strips-p20,40.99999999999999,45.0
tpp-p01,4.0,4.0
tpp-p02,7.0,7.0
tpp-p03,10.0,10.0
tpp-p04,13.0,13.0
tpp-p05,17.0,17.0
tpp-p06,21.0,21.0
tpp-p07,26.0,26.0
tpp-p08,30.0,30.0
tpp-p09,35.0,35.0
tpp-p10,39.0,39.0
tpp-p11,30.0,30.0
tpp-p12,32.0,32.0
tpp-p13,31.0,31.0
tpp-p14,39.0,39.0
tpp-p15,45.0,45.0
tpp-p16,52.0,52.0
tpp-p17,50.0,50.0
tpp-p18,51.0,51.0
tpp-p19,62.0,62.0
tpp-p20,69.0,69.0
tpp-p21,60.0,60.0
tpp-p22,54.0,54.0
tpp-p23,63.0,63.0
tpp-p24,65.0,65.0
tpp-p25,74.0,74.0
tpp-p26,77.0,77.0
tpp-p27,83.0,83.0
tpp-p28,87.0,87.0
tpp-p29,102.0,102.0
tpp-p30,101.0,101.0
transport-opt08-strips-p01,54.0,54.0
transport-opt08-strips-p02,119.0,119.0
transport-opt08-strips-p03,165.0,165.0
transport-opt08-strips-p04,189.0,189.0
transport-opt08-strips-p05,227.0,227.0
transport-opt08-strips-p06,265.0,265.0
transport-opt08-strips-p07,313.0,313.0
transport-opt08-strips-p08,256.0,256.0
transport-opt08-strips-p09,288.0,288.0
transport-opt08-strips-p10,348.0,348.0
transport-opt08-strips-p11,245.0,245.0
transport-opt08-strips-p12,305.0,305.0
transport-opt08-strips-p13,318.0,318.0
transport-opt08-strips-p14,382.0,382.0
transport-opt08-strips-p15,343.0,343.0
transport-opt08-strips-p16,482.0,482.0
transport-opt08-strips-p17,552.0,552.0
transport-opt08-strips-p18,482.0,482.0
transport-opt08-strips-p19,530.0,530.0
transport-opt08-strips-p20,715.0,715.0
transport-opt08-strips-p21,320.0,320.0
transport-opt08-strips-p22,433.0,433.0
transport-opt08-strips-p23,505.0,505.0
transport-opt08-strips-p24,428.0,428.0
transport-opt08-strips-p25,549.0,549.0
transport-opt08-strips-p26,514.0,514.0
transport-opt08-strips-p27,528.0,528.0
transport-opt08-strips-p28,641.0,641.0
transport-opt08-strips-p29,719.0,719.0
transport-opt08-strips-p30,665.0,665.0
transport-opt11-strips-p01,505.0,505.0
transport-opt11-strips-p02,165.0,165.0
transport-opt11-strips-p03,305.0,305.0
transport-opt11-strips-p04,318.0,318.0
transport-opt11-strips-p05,428.0,428.0
transport-opt11-strips-p06,189.0,189.0
transport-opt11-strips-p07,170.0,170.0
transport-opt11-strips-p08,214.0,214.0
transport-opt11-strips-p09,151.0,151.0
transport-opt11-strips-p10,243.0,243.0
transport-opt11-strips-p11,404.0,404.0
transport-opt11-strips-p12,438.0,438.0
transport-opt11-strips-p13,224.0,224.0
transport-opt11-strips-p14,240.0,240.0
transport-opt11-strips-p15,589.0,589.0
transport-opt11-strips-p16,561.0,561.0
transport-opt11-strips-p17,227.0,227.0
transport-opt11-strips-p18,382.0,382.0
transport-opt11-strips-p19,549.0,549.0
transport-opt11-strips-p20,265.0,265.0
transport-opt14-strips-p01,90.0,90.0
transport-opt14-strips-p02,127.0,127.0
transport-opt14-strips-p03,174.0,174.0
transport-opt14-strips-p04,164.0,164.0
transport-opt14-strips-p05,263.0,263.0
transport-opt14-strips-p06,260.0,260.0
transport-opt14-strips-p07,360.0,360.0
transport-opt14-strips-p08,370.0,370.0
transport-opt14-strips-p09,394.0,394.0
transport-opt14-strips-p10,517.0,517.0
transport-opt14-strips-p11,541.0,541.0
transport-opt14-strips-p12,570.0,570.0
transport-opt14-strips-p13,473.0,473.0
transport-opt14-strips-p14,336.0,336.0
transport-opt14-strips-p15,601.0,601.0
transport-opt14-strips-p16,584.0,584.0
transport-opt14-strips-p17,625.0,625.0
transport-opt14-strips-p18,645.0,645.0
transport-opt14-strips-p19,719.0,719.0
transport-opt14-strips-p20,719.0,719.0
transport-sat08-strips-p01,54.0,54.0
transport-sat08-strips-p02,152.0,152.0
transport-sat08-strips-p03,211.0,211.0
transport-sat08-strips-p04,240.0,240.0
transport-sat08-strips-p05,290.0,290.0
transport-sat08-strips-p06,355.1021703536273,360.0
transport-sat08-strips-p07,367.1939997013057,422.0
transport-sat08-strips-p08,339.0,339.0
transport-sat08-strips-p09,358.11816794016426,406.0
transport-sat08-strips-p10,406.8828257648733,495.0
transport-sat08-strips-p11,262.0,262.0
transport-sat08-strips-p12,258.0,258.0
transport-sat08-strips-p13,370.0,370.0
transport-sat08-strips-p14,493.0,493.0
transport-sat08-strips-p15,517.0,517.0
transport-sat08-strips-p16,585.0,585.0
transport-sat08-strips-p17,682.0,682.0
transport-sat08-strips-p18,638.0,638.0
transport-sat08-strips-p19,746.0,746.0
transport-sat08-strips-p20,724.0,724.0
transport-sat08-strips-p21,386.0,386.0
transport-sat08-strips-p22,421.0,421.0
transport-sat08-strips-p23,512.0,512.0
transport-sat08-strips-p24,638.0,638.0
transport-sat08-strips-p25,680.0,680.0
transport-sat08-strips-p26,631.0,631.0
transport-sat08-strips-p27,824.0,824.0
transport-sat08-strips-p28,756.9269858566627,837.0
transport-sat08-strips-p29,761.7074289591059,938.0
transport-sat08-strips-p30,909.101980719226,1115.0
transport-sat11-strips-p01,339.0,339.0
transport-sat11-strips-p02,358.11816794016426,406.0
transport-sat11-strips-p03,761.7074289591059,938.0
transport-sat11-strips-p04,585.0,585.0
transport-sat11-strips-p05,682.0,682.0
transport-sat11-strips-p06,638.0,638.0
transport-sat11-strips-p07,746.0,746.0
transport-sat11-strips-p08,406.8828257648733,495.0
transport-sat11-strips-p09,724.0,724.0
transport-sat11-strips-p10,909.101980719226,1115.0
transport-sat11-strips-p11,440.9920347117031,462.0
transport-sat11-strips-p12,398.89165929959194,507.0
transport-sat11-strips-p13,439.31407398730835,529.0
transport-sat11-strips-p14,857.3299820992974,945.0
transport-sat11-strips-p15,914.0643288852324,974.0
transport-sat11-strips-p16,833.0261426646288,917.0
transport-sat11-strips-p17,902.9688332653426,1294.0
transport-sat11-strips-p18,814.3241595893962,1175.0
transport-sat11-strips-p19,868.1773177534358,1265.0
transport-sat11-strips-p20,854.8675760807304,1309.0
transport-sat14-strips-p01,405.9603059611584,523.0
transport-sat14-strips-p02,441.42510743113087,570.0
transport-sat14-strips-p03,399.1988744208428,546.0
transport-sat14-strips-p04,930.8456716917639,1122.0
transport-sat14-strips-p05,838.3852165205,1003.0
transport-sat14-strips-p06,930.8456716917639,1122.0
transport-sat14-strips-p07,967.8605986779605,1380.0
transport-sat14-strips-p08,928.8634634457896,1468.0
transport-sat14-strips-p09,967.8605986779605,1380.0
transport-sat14-strips-p10,936.7103369632657,1425.0
transport-sat14-strips-p11,444.3069414811651,575.0
transport-sat14-strips-p12,472.58299231102063,618.0
transport-sat14-strips-p13,508.0192107679892,556.0
transport-sat14-strips-p14,801.4746826644637,963.0
transport-sat14-strips-p15,939.921316208458,1035.0
transport-sat14-strips-p16,910.162184058169,968.0
transport-sat14-strips-p17,1003.1532333945297,1356.0
transport-sat14-strips-p18,861.0914431348351,1356.0
transport-sat14-strips-p19,915.4258259496465,1178.0
transport-sat14-strips-p20,946.3217640818085,1425.0
trucks-strips-p01,11.0,11.0
trucks-strips-p02,14.0,14.0
trucks-strips-p03,17.0,17.0
trucks-strips-p04,20.0,20.0
trucks-strips-p05,23.0,23.0
trucks-strips-p06,26.0,26.0
trucks-strips-p07,20.0,20.0
trucks-strips-p08,24.0,24.0
trucks-strips-p09,26.0,26.0
trucks-strips-p10,30.0,30.0
trucks-strips-p11,33.0,33.0
trucks-strips-p12,36.0,36.0
trucks-strips-p13,30.0,30.0
trucks-strips-p14,34.0,34.0
trucks-strips-p15,37.0,37.0
trucks-strips-p16,40.0,40.0
trucks-strips-p17,43.0,43.0
trucks-strips-p18,46.0,46.0
trucks-strips-p19,41.0,41.0
trucks-strips-p20,44.0,44.0
trucks-strips-p21,47.0,47.0
trucks-strips-p22,50.0,50.0
trucks-strips-p23,53.0,53.0
trucks-strips-p24,56.0,56.0
trucks-strips-p25,50.0,50.0
trucks-strips-p26,54.0,54.0
trucks-strips-p27,57.0,57.0
trucks-strips-p28,60.0,60.0
trucks-strips-p29,63.0,63.0
trucks-strips-p30,66.0,66.0
visitall-opt11-strips-problem02-full,3.0,3.0
visitall-opt11-strips-problem02-half,1.0,1.0
visitall-opt11-strips-problem03-full,8.0,8.0
visitall-opt11-strips-problem03-half,5.0,5.0
visitall-opt11-strips-problem04-full,15.0,15.0
visitall-opt11-strips-problem04-half,10.0,10.0
visitall-opt11-strips-problem05-full,24.0,24.0
visitall-opt11-strips-problem05-half,15.0,15.0
visitall-opt11-strips-problem06-full,35.0,35.0
visitall-opt11-strips-problem06-half,19.0,19.0
visitall-opt11-strips-problem07-full,48.0,48.0
visitall-opt11-strips-problem07-half,32.0,32.0
visitall-opt11-strips-problem08-full,63.0,63.0
visitall-opt11-strips-problem08-half,37.0,37.0
visitall-opt11-strips-problem09-full,80.0,80.0
visitall-opt11-strips-problem09-half,51.0,51.0
visitall-opt11-strips-problem10-full,99.0,99.0
visitall-opt11-strips-problem10-half,56.0,56.0
visitall-opt11-strips-problem11-full,120.0,120.0
visitall-opt11-strips-problem11-half,64.0,64.0
visitall-opt14-strips-p-05-10,53.0,53.0
visitall-opt14-strips-p-05-5,18.0,18.0
visitall-opt14-strips-p-05-6,20.0,20.0
visitall-opt14-strips-p-05-7,28.0,28.0
visitall-opt14-strips-p-05-8,39.0,39.0
visitall-opt14-strips-p-05-9,46.0,46.0
visitall-opt14-strips-p-1-10,99.0,99.0
visitall-opt14-strips-p-1-11,120.0,120.0
visitall-opt14-strips-p-1-12,143.0,143.0
visitall-opt14-strips-p-1-13,168.0,168.0
visitall-opt14-strips-p-1-14,195.0,195.0
visitall-opt14-strips-p-1-15,224.0,224.0
visitall-opt14-strips-p-1-16,255.0,255.0
visitall-opt14-strips-p-1-17,288.0,288.0
visitall-opt14-strips-p-1-18,323.0,323.0
visitall-opt14-strips-p-1-5,24.0,24.0
visitall-opt14-strips-p-1-6,35.0,35.0
visitall-opt14-strips-p-1-7,48.0,48.0
visitall-opt14-strips-p-1-8,63.0,63.0
visitall-opt14-strips-p-1-9,80.0,80.0
visitall-sat11-strips-problem12,143.0,143.0
visitall-sat11-strips-problem14,195.0,195.0
visitall-sat11-strips-problem16,255.0,255.0
visitall-sat11-strips-problem18,323.0,323.0
visitall-sat11-strips-problem20,399.0,399.0
visitall-sat11-strips-problem22,483.0,483.0
visitall-sat11-strips-problem24,575.0,575.0
visitall-sat11-strips-problem26,675.0,675.0
visitall-sat11-strips-problem28,783.0,783.0
visitall-sat11-strips-problem30,899.0,899.0
visitall-sat11-strips-problem32,1023.0,1023.0
visitall-sat11-strips-problem34,1155.0,1155.0
visitall-sat11-strips-problem36,1295.0,1295.0
visitall-sat11-strips-problem38,1443.0,1443.0
visitall-sat11-strips-problem40,1599.0,1599.0
visitall-sat11-strips-problem42,1763.0,1763.0
visitall-sat11-strips-problem44,1935.0,1935.0
visitall-sat11-strips-problem46,2115.0,2115.0
visitall-sat11-strips-problem48,2303.0,2303.0
visitall-sat11-strips-problem50,2499.0,2499.0
visitall-sat14-strips-pfile30,899.0,899.0
visitall-sat14-strips-pfile31,960.0,960.0
visitall-sat14-strips-pfile32,1023.0,1023.0
visitall-sat14-strips-pfile33,1088.0,1088.0
visitall-sat14-strips-pfile50,2499.0,2499.0
visitall-sat14-strips-pfile51,2600.0,2600.0
visitall-sat14-strips-pfile52,2703.0,2703.0
visitall-sat14-strips-pfile53,2808.0,2808.0
visitall-sat14-strips-pfile54,2915.0,2915.0
visitall-sat14-strips-pfile55,3024.0,3024.0
visitall-sat14-strips-pfile56,3135.0,3135.0
visitall-sat14-strips-pfile57,3248.0,3248.0
visitall-sat14-strips-pfile58,3363.0,3363.0
visitall-sat14-strips-pfile59,3480.0,3480.0
visitall-sat14-strips-pfile60,3599.0,3599.0
visitall-sat14-strips-pfile61,3720.0,3720.0
visitall-sat14-strips-pfile62,3843.0,3843.0
visitall-sat14-strips-pfile63,3968.0,3968.0
visitall-sat14-strips-pfile64,4095.0,4095.0
visitall-sat14-strips-pfile65,4224.0,4224.0
woodworking-opt08-strips-p01,170.0,170.0
woodworking-opt08-strips-p02,185.0,185.0
woodworking-opt08-strips-p03,275.0,275.0
woodworking-opt08-strips-p04,235.0,235.0
woodworking-opt08-strips-p05,260.0,260.0
woodworking-opt08-strips-p06,430.0,430.0
woodworking-opt08-strips-p07,390.0,390.0
woodworking-opt08-strips-p08,420.0,420.0
woodworking-opt08-strips-p09,425.0,425.0
woodworking-opt08-strips-p10,485.0,485.0
woodworking-opt08-strips-p11,130.0,130.0
woodworking-opt08-strips-p12,225.0,225.0
woodworking-opt08-strips-p13,195.0,195.0
woodworking-opt08-strips-p14,195.0,195.0
woodworking-opt08-strips-p15,270.0,270.0
woodworking-opt08-strips-p16,275.0,275.0
woodworking-opt08-strips-p17,280.0,280.0
woodworking-opt08-strips-p18,435.0,435.0
woodworking-opt08-strips-p19,395.0,395.0
woodworking-opt08-strips-p20,435.0,435.0
woodworking-opt08-strips-p21,95.0,95.0
woodworking-opt08-strips-p22,175.0,175.0
woodworking-opt08-strips-p23,195.0,195.0
woodworking-opt08-strips-p24,235.0,235.0
woodworking-opt08-strips-p25,380.0,380.0
woodworking-opt08-strips-p26,220.0,220.0
woodworking-opt08-strips-p27,320.0,320.0
woodworking-opt08-strips-p28,465.0,465.0
woodworking-opt08-strips-p29,535.0,535.0
woodworking-opt08-strips-p30,650.0,650.0
woodworking-opt11-strips-p01,195.0,195.0
woodworking-opt11-strips-p02,225.0,225.0
woodworking-opt11-strips-p03,195.0,195.0
woodworking-opt11-strips-p04,275.0,275.0
woodworking-opt11-strips-p05,235.0,235.0
woodworking-opt11-strips-p06,235.0,235.0
woodworking-opt11-strips-p07,195.0,195.0
woodworking-opt11-strips-p08,380.0,380.0
woodworking-opt11-strips-p09,260.0,260.0
woodworking-opt11-strips-p10,270.0,270.0
woodworking-opt11-strips-p11,220.0,220.0
woodworking-opt11-strips-p12,275.0,275.0
woodworking-opt11-strips-p13,430.0,430.0
woodworking-opt11-strips-p14,320.0,320.0
woodworking-opt11-strips-p15,280.0,280.0
woodworking-opt11-strips-p16,390.0,390.0
woodworking-opt11-strips-p17,465.0,465.0
woodworking-opt11-strips-p18,435.0,435.0
woodworking-opt11-strips-p19,420.0,420.0
woodworking-opt11-strips-p20,535.0,535.0
woodworking-sat08-strips-p01,110.0,110.0
woodworking-sat08-strips-p02,255.0,255.0
woodworking-sat08-strips-p03,425.0,425.0
woodworking-sat08-strips-p04,725.0,725.0
woodworking-sat08-strips-p05,515.0,515.0
woodworking-sat08-strips-p06,690.0,690.0
woodworking-sat08-strips-p07,900.0,900.0
woodworking-sat08-strips-p08,1080.0,1080.0
woodworking-sat08-strips-p09,990.0,990.0
woodworking-sat08-strips-p10,1080.0,1080.0
woodworking-sat08-strips-p11,50.0,50.0
woodworking-sat08-strips-p12,270.0,270.0
woodworking-sat08-strips-p13,435.0,435.0
woodworking-sat08-strips-p14,455.0,455.0
woodworking-sat08-strips-p15,790.0,790.0
woodworking-sat08-strips-p16,640.0,640.0
woodworking-sat08-strips-p17,905.0,905.0
woodworking-sat08-strips-p18,920.0,920.0
woodworking-sat08-strips-p19,995.0,995.0
woodworking-sat08-strips-p20,1155.0,1155.0
woodworking-sat08-strips-p21,165.0,165.0
woodworking-sat08-strips-p22,205.0,205.0
woodworking-sat08-strips-p23,385.0,385.0
woodworking-sat08-strips-p24,540.0,540.0
woodworking-sat08-strips-p25,520.0,520.0
woodworking-sat08-strips-p26,910.0,910.0
woodworking-sat08-strips-p27,695.0,695.0
woodworking-sat08-strips-p28,1290.0,1290.0
woodworking-sat08-strips-p29,1090.0,1090.0
woodworking-sat08-strips-p30,1100.0,1100.0
woodworking-sat11-strips-p01,900.0,900.0
woodworking-sat11-strips-p02,1080.0,1080.0
woodworking-sat11-strips-p03,995.0,995.0
woodworking-sat11-strips-p04,990.0,990.0
woodworking-sat11-strips-p05,1155.0,1155.0
woodworking-sat11-strips-p06,1080.0,1080.0
woodworking-sat11-strips-p07,1290.0,1290.0
woodworking-sat11-strips-p08,1090.0,1090.0
woodworking-sat11-strips-p09,920.0,920.0
woodworking-sat11-strips-p10,50.0,50.0
woodworking-sat11-strips-p11,1305.0,1305.0
woodworking-sat11-strips-p12,1275.0,1275.0
woodworking-sat11-strips-p13,1375.0,1375.0
woodworking-sat11-strips-p14,1035.0,1035.0
woodworking-sat11-strips-p15,1505.0,1505.0
woodworking-sat11-strips-p16,1325.0,1325.0
woodworking-sat11-strips-p17,645.0,645.0
woodworking-sat11-strips-p18,1085.0,1085.0
woodworking-sat11-strips-p19,895.0,895.0
woodworking-sat11-strips-p20,950.0,950.0
zenotravel-p01,1.0,1.0
zenotravel-p02,4.0,4.0
zenotravel-p03,5.0,5.0
zenotravel-p04,6.0,6.0
zenotravel-p05,11.0,11.0
zenotravel-p06,11.0,11.0
zenotravel-p07,11.0,11.0
zenotravel-p08,10.0,10.0
zenotravel-p09,18.0,18.0
zenotravel-p10,20.0,20.0
zenotravel-p11,12.0,12.0
zenotravel-p12,19.0,19.0
zenotravel-p13,23.0,23.0
zenotravel-p14,28.0,28.0
zenotravel-p15,32.0,32.0
zenotravel-p16,38.0,38.0
zenotravel-p17,52.0,52.0
zenotravel-p18,51.0,51.0
zenotravel-p19,59.0,59.0
zenotravel-p20,68.0,68.0
